"#","Product Name","Product Name En","Markets","Date","Farmgate Price","Wholesale Price","Retail Price","Province","District"
"1","Umuceri - Tz No 2","Umuceri - Tz No 2","nyabugogo","Tue May 05 2026 13:03:12 GMT+0300 (Moscow Standard Time)","1300","-","1600","",""
"2","Indimu","Indimu","kibuye","Tue May 05 2026 13:04:21 GMT+0300 (Moscow Standard Time)","1100","1300","1500","",""
"3","Mandarine","Mandarine","kibuye","Tue May 05 2026 13:03:39 GMT+0300 (Moscow Standard Time)","1100","1300","1500","",""
"4","Amacunga","Amacunga","kibuye","Tue May 05 2026 13:02:45 GMT+0300 (Moscow Standard Time)","600","800","1000","",""
"5","Amatunda","Amatunda","kibuye","Tue May 05 2026 13:02:21 GMT+0300 (Moscow Standard Time)","1000","1200","1400","",""
"6","Ibinyomoro","Ibinyomoro","kibuye","Tue May 05 2026 13:01:31 GMT+0300 (Moscow Standard Time)","1000","1200","1400","",""
"7","Avoka","Avoka","kibuye","Tue May 05 2026 13:01:12 GMT+0300 (Moscow Standard Time)","500","650","800","",""
"8","Inyanya","Inyanya","kibuye","Tue May 05 2026 13:00:31 GMT+0300 (Moscow Standard Time)","500","650","800","",""
"9","Puwavuro","Puwavuro","kibuye","Tue May 05 2026 12:59:45 GMT+0300 (Moscow Standard Time)","900","1100","1300","",""
"10","ibitunguru-bitukura","ibitunguru-bitukura","kibuye","Tue May 05 2026 12:58:43 GMT+0300 (Moscow Standard Time)","800","1000","1200","",""
"11","Ibitunguru-umweru","Ibitunguru-umweru","kibuye","Tue May 05 2026 12:56:31 GMT+0300 (Moscow Standard Time)","1100","1300","1500","",""
"12","Karoti","Karoti","kibuye","Tue May 05 2026 12:55:52 GMT+0300 (Moscow Standard Time)","700","800","900","",""
"13","Amashu","Amashu","kibuye","Tue May 05 2026 12:54:55 GMT+0300 (Moscow Standard Time)","100","150","200","",""
"14","Imiteja","Imiteja","kibuye","Tue May 05 2026 12:53:11 GMT+0300 (Moscow Standard Time)","800","1000","1200","",""
"15","Isombe","Isombe","kibuye","Tue May 05 2026 12:52:32 GMT+0300 (Moscow Standard Time)","500","650","800","",""
"16","Urunyogwe","Urunyogwe","kibuye","Tue May 05 2026 12:51:38 GMT+0300 (Moscow Standard Time)","1400","1600","1800","",""
"17","Ifi- Indagara-umunyu","Ifi- Indagara-umunyu","kibuye","Tue May 05 2026 12:49:44 GMT+0300 (Moscow Standard Time)","3200","3600","4000","",""
"18","Ifi - isambaza","Ifi - isambaza","kibuye","Tue May 05 2026 12:48:50 GMT+0300 (Moscow Standard Time)","3700","4100","4500","",""
"19","IFI - Tilapia","IFI - Tilapia","kibuye","Tue May 05 2026 12:48:13 GMT+0300 (Moscow Standard Time)","4500","5000","5500","",""
"20","inyama - inkoko - pondezi","inyama - inkoko - pondezi","kibuye","Tue May 05 2026 12:47:07 GMT+0300 (Moscow Standard Time)","4700","5100","5500","",""
"21","Inyama-inka- Iroti","Inyama-inka- Iroti","kibuye","Tue May 05 2026 12:46:21 GMT+0300 (Moscow Standard Time)","7000","7500","8000","",""
"22","inyama-inka-imvange","inyama-inka-imvange","kibuye","Tue May 05 2026 12:44:18 GMT+0300 (Moscow Standard Time)","5500","6000","6500","",""
"23","Umuceri - Rw - Gikonko","Umuceri - Rw - Gikonko","nyabugogo","Tue May 05 2026 13:01:11 GMT+0300 (Moscow Standard Time)","1100","1300","1350","",""
"24","Umuceri - Rw - Luck rice","Umuceri - Rw - Luck rice","nyabugogo","Tue May 05 2026 12:58:12 GMT+0300 (Moscow Standard Time)","1100","1300","1450","",""
"25","Umuceri - luck Kema","Umuceri - luck Kema","nyabugogo","Tue May 05 2026 12:56:23 GMT+0300 (Moscow Standard Time)","1300","1500","1600","",""
"26","Soya","Soya","nyabugogo","Tue May 05 2026 12:54:00 GMT+0300 (Moscow Standard Time)","1050","1250","1300","",""
"27","Isukari","Isukari","nyabugogo","Tue May 05 2026 12:49:48 GMT+0300 (Moscow Standard Time)","1200","1400","1500","",""
"28","inyama-inka-imvange","inyama-inka-imvange","nyabugogo","Tue May 05 2026 12:48:02 GMT+0300 (Moscow Standard Time)","6000","6500","7000","",""
"29","Inyama-inka- Iroti","Inyama-inka- Iroti","nyabugogo","Tue May 05 2026 12:43:55 GMT+0300 (Moscow Standard Time)","7000","7500","8000","",""
"30","inyama - inkoko - pondezi","inyama - inkoko - pondezi","nyabugogo","Tue May 05 2026 12:41:41 GMT+0300 (Moscow Standard Time)","3500","4000","4500","",""
"31","Ingano","Ingano","nyabugogo","Tue May 05 2026 12:38:59 GMT+0300 (Moscow Standard Time)","800","1000","1200","",""
"32","Imyumbati","Imyumbati","nyabugogo","Tue May 05 2026 12:35:19 GMT+0300 (Moscow Standard Time)","300","450","500","",""
"33","Inyanya","Inyanya","nyabugogo","Tue May 05 2026 12:33:36 GMT+0300 (Moscow Standard Time)","700","900","1000","",""
"34","Karoti","Karoti","nyabugogo","Tue May 05 2026 12:30:35 GMT+0300 (Moscow Standard Time)","700","900","1000","",""
"35","Imiteja","Imiteja","nyabugogo","Tue May 05 2026 12:25:10 GMT+0300 (Moscow Standard Time)","700","900","1000","",""
"36","igi - irinyaRwanda","igi - irinyaRwanda","nyabugogo","Tue May 05 2026 12:21:46 GMT+0300 (Moscow Standard Time)","200","230","250","",""
"37","Igi- Pondeze","Igi- Pondeze","nyabugogo","Tue May 05 2026 12:18:14 GMT+0300 (Moscow Standard Time)","130","160","180","",""
"38","Igitoki","Igitoki","nyabugogo","Tue May 05 2026 12:15:14 GMT+0300 (Moscow Standard Time)","300","450","500","",""
"39","Ifu - Ibigori - Mugurusu","Ifu - Ibigori - Mugurusu","nyabugogo","Tue May 05 2026 12:11:46 GMT+0300 (Moscow Standard Time)","850","1100","1200","",""
"40","IFI - Tomson","IFI - Tomson","nyabugogo","Tue May 05 2026 12:08:58 GMT+0300 (Moscow Standard Time)","3000","3500","4000","",""
"41","IFI - Tilapia","IFI - Tilapia","nyabugogo","Tue May 05 2026 12:02:35 GMT+0300 (Moscow Standard Time)","5000","5500","6000","",""
"42","Ibitunguru-umweru","Ibitunguru-umweru","nyabugogo","Tue May 05 2026 12:00:06 GMT+0300 (Moscow Standard Time)","850","1100","1200","",""
"43","ibitunguru-bitukura","ibitunguru-bitukura","nyabugogo","Tue May 05 2026 11:55:05 GMT+0300 (Moscow Standard Time)","650","850","900","",""
"44","Ibitonore","Ibitonore","nyabugogo","Tue May 05 2026 11:51:40 GMT+0300 (Moscow Standard Time)","1030","1200","1300","",""
"45","Ibishyimbo/Mutiki","Ibishyimbo/Mutiki","nyabugogo","Tue May 05 2026 11:49:05 GMT+0300 (Moscow Standard Time)","1050","1200","1300","",""
"46","Ibishyimbo Shyushya","Ibishyimbo Shyushya","nyabugogo","Tue May 05 2026 11:45:46 GMT+0300 (Moscow Standard Time)","900","1100","1200","",""
"47","Ibishyimbo Ibinyarwanda","Ibishyimbo Ibinyarwanda","nyabugogo","Tue May 05 2026 11:43:54 GMT+0300 (Moscow Standard Time)","850","1000","1100","",""
"48","Ibishyimbo Colta","Ibishyimbo Colta","nyabugogo","Tue May 05 2026 11:42:00 GMT+0300 (Moscow Standard Time)","1200","1400","1500","",""
"49","Ibishyimbo - Injyamane","Ibishyimbo - Injyamane","nyabugogo","Tue May 05 2026 11:39:56 GMT+0300 (Moscow Standard Time)","1200","1400","1500","",""
"50","Ibirayi- Kinigi Grade 2","Ibirayi- Kinigi Grade 2","nyabugogo","Tue May 05 2026 11:37:12 GMT+0300 (Moscow Standard Time)","600","750","800","",""
"51","Ibirayi- Kinigi Grade 1","Ibirayi- Kinigi Grade 1","nyabugogo","Tue May 05 2026 11:34:48 GMT+0300 (Moscow Standard Time)","650","800","850","",""
"52","ibirayi - Kirundo","ibirayi - Kirundo","nyabugogo","Tue May 05 2026 11:30:39 GMT+0300 (Moscow Standard Time)","400","600","650","",""
"53","Ibinyomoro","Ibinyomoro","nyabugogo","Tue May 05 2026 11:28:14 GMT+0300 (Moscow Standard Time)","1100","1300","1400","",""
"54","Ibijumba","Ibijumba","nyabugogo","Tue May 05 2026 11:26:13 GMT+0300 (Moscow Standard Time)","300","450","500","",""
"55","Ibigori","Ibigori","nyabugogo","Tue May 05 2026 11:23:33 GMT+0300 (Moscow Standard Time)","400","550","600","",""
"56","Avoka","Avoka","nyabugogo","Tue May 05 2026 11:21:40 GMT+0300 (Moscow Standard Time)","550","700","800","",""
"57","Amasaka","Amasaka","nyabugogo","Tue May 05 2026 11:19:36 GMT+0300 (Moscow Standard Time)","700","900","1000","",""
"58","Amatunda","Amatunda","nyabugogo","Tue May 05 2026 11:16:22 GMT+0300 (Moscow Standard Time)","1200","1400","1500","",""
"59","Amateke","Amateke","nyabugogo","Tue May 05 2026 11:13:56 GMT+0300 (Moscow Standard Time)","650","900","1000","",""
"60","Ifi- Indagara-umunyu","Ifi- Indagara-umunyu","matimba","Tue May 05 2026 12:39:05 GMT+0300 (Moscow Standard Time)","3000","3200","3500","",""
"61","Inyama-inka- Iroti","Inyama-inka- Iroti","matimba","Tue May 05 2026 12:39:05 GMT+0300 (Moscow Standard Time)","6000","6500","7000","",""
"62","Ifi- Indagara-umunyu","Ifi- Indagara-umunyu","matimba","Tue May 05 2026 12:39:05 GMT+0300 (Moscow Standard Time)","3000","3200","3500","",""
"63","Inyama-inka- Iroti","Inyama-inka- Iroti","matimba","Tue May 05 2026 12:39:05 GMT+0300 (Moscow Standard Time)","6000","6500","7000","",""
"64","Ibihaza","Ibihaza","kibuye","Tue May 05 2026 12:41:02 GMT+0300 (Moscow Standard Time)","200","300","400","",""
"65","Amakara","Amakara","kibuye","Tue May 05 2026 12:39:03 GMT+0300 (Moscow Standard Time)","11000","12500","14000","",""
"66","Ibirayi- Kinigi Grade 2","Ibirayi- Kinigi Grade 2","kibuye","Tue May 05 2026 12:37:44 GMT+0300 (Moscow Standard Time)","700","750","800","",""
"67","ibirayi - Kuruza","ibirayi - Kuruza","kibuye","Tue May 05 2026 12:37:04 GMT+0300 (Moscow Standard Time)","600","650","700","",""
"68","ibirayi - Kirundo","ibirayi - Kirundo","kibuye","Tue May 05 2026 12:34:27 GMT+0300 (Moscow Standard Time)","600","650","700","",""
"69","Amateke","Amateke","kibuye","Tue May 05 2026 12:34:07 GMT+0300 (Moscow Standard Time)","400","450","500","",""
"70","Igitoki","Igitoki","kibuye","Tue May 05 2026 12:32:12 GMT+0300 (Moscow Standard Time)","400","450","500","",""
"71","Ibijumba","Ibijumba","kibuye","Tue May 05 2026 12:31:27 GMT+0300 (Moscow Standard Time)","300","350","400","",""
"72","Imyumbati","Imyumbati","kibuye","Tue May 05 2026 12:30:22 GMT+0300 (Moscow Standard Time)","300","350","400","",""
"73","Ibishyimbo Kiryumukwe","Ibishyimbo Kiryumukwe","mubyangabo","Tue May 05 2026 12:18:42 GMT+0300 (Moscow Standard Time)","970","1100","1100","",""
"74","Ibishyimbo Ibinyarwanda","Ibishyimbo Ibinyarwanda","mubyangabo","Tue May 05 2026 12:18:42 GMT+0300 (Moscow Standard Time)","950","1000","1000","",""
"75","Ibigori","Ibigori","matimba","Tue May 05 2026 12:20:23 GMT+0300 (Moscow Standard Time)","400","450","500","",""
"76","inshyushyu","inshyushyu","matimba","Tue May 05 2026 12:20:23 GMT+0300 (Moscow Standard Time)","400","450","500","",""
"77","inyama-inka-imvange","inyama-inka-imvange","matimba","Tue May 05 2026 12:20:23 GMT+0300 (Moscow Standard Time)","4000","4500","5500","",""
"78","Ifu-ibigori-yo-mumahanga","Ifu-ibigori-yo-mumahanga","matimba","Tue May 05 2026 12:20:23 GMT+0300 (Moscow Standard Time)","800","900","1200","",""
"79","Ifu - Ibigori - Mugurusu","Ifu - Ibigori - Mugurusu","matimba","Tue May 05 2026 12:20:23 GMT+0300 (Moscow Standard Time)","800","900","1200","",""
"80","Ifu - Ibigori - MINIMEX","Ifu - Ibigori - MINIMEX","matimba","Tue May 05 2026 12:20:23 GMT+0300 (Moscow Standard Time)","800","850","1100","",""
"81","Umuceri - RW - Kigori","Umuceri - RW - Kigori","matimba","Tue May 05 2026 12:20:23 GMT+0300 (Moscow Standard Time)","1140","1200","1300","",""
"82","igi - irinyaRwanda","igi - irinyaRwanda","matimba","Tue May 05 2026 12:20:23 GMT+0300 (Moscow Standard Time)","150","180","250","",""
"83","Igi- Pondeze","Igi- Pondeze","matimba","Tue May 05 2026 12:20:23 GMT+0300 (Moscow Standard Time)","150","180","250","",""
"84","Umuceri - Tz No 2","Umuceri - Tz No 2","matimba","Tue May 05 2026 12:20:23 GMT+0300 (Moscow Standard Time)","1400","1500","1800","",""
"85","Isukari","Isukari","matimba","Tue May 05 2026 12:20:23 GMT+0300 (Moscow Standard Time)","1480","1500","1800","",""
"86","Amavuta ubuto","Amavuta ubuto","matimba","Tue May 05 2026 12:20:23 GMT+0300 (Moscow Standard Time)","2800","3000","3200","",""
"87","Amakara","Amakara","matimba","Tue May 05 2026 12:20:23 GMT+0300 (Moscow Standard Time)","12000","13000","15000","",""
"88","Ibishyimbo - Mushingiriro","Ibishyimbo - Mushingiriro","mubyangabo","Tue May 05 2026 12:18:42 GMT+0300 (Moscow Standard Time)","950","1000","1000","",""
"89","Amatunda","Amatunda","nyakarambi","Tue May 05 2026 12:28:41 GMT+0300 (Moscow Standard Time)","1000","1500","2000","",""
"90","Amacunga","Amacunga","nyakarambi","Tue May 05 2026 12:24:55 GMT+0300 (Moscow Standard Time)","600","800","1000","",""
"91","Ibinyomoro","Ibinyomoro","nyakarambi","Tue May 05 2026 12:21:17 GMT+0300 (Moscow Standard Time)","600","1000","1500","",""
"92","Amavuta ubuto","Amavuta ubuto","nyakarambi","Tue May 05 2026 12:15:44 GMT+0300 (Moscow Standard Time)","2800","2900","3000","",""
"93","Ibirayi - Peko","Ibirayi - Peko","byumba","Tue May 05 2026 12:19:23 GMT+0300 (Moscow Standard Time)","500","550","600","",""
"94","Igitoki","Igitoki","byumba","Tue May 05 2026 12:17:33 GMT+0300 (Moscow Standard Time)","380","400","450","",""
"95","Ibijumba","Ibijumba","byumba","Tue May 05 2026 12:15:45 GMT+0300 (Moscow Standard Time)","200","250","300","",""
"96","Ibigori","Ibigori","byumba","Tue May 05 2026 12:14:26 GMT+0300 (Moscow Standard Time)","480","500","550","",""
"97","Amatunda","Amatunda","byumba","Tue May 05 2026 12:13:03 GMT+0300 (Moscow Standard Time)","1000","1300","1500","",""
"98","Ibirayi- Kinigi Grade 2","Ibirayi- Kinigi Grade 2","byumba","Tue May 05 2026 12:08:20 GMT+0300 (Moscow Standard Time)","500","550","650","",""
"99","Urukwavu","Urukwavu","birambo","Tue May 05 2026 12:20:31 GMT+0300 (Moscow Standard Time)","4100","4800","5933","",""
"100","Ibishyimbo Ibinyarwanda","Ibishyimbo Ibinyarwanda","birambo","Tue May 05 2026 12:16:54 GMT+0300 (Moscow Standard Time)","1033","1050","1100","",""
"101","Ibishyimbo/Mutiki","Ibishyimbo/Mutiki","birambo","Tue May 05 2026 12:15:13 GMT+0300 (Moscow Standard Time)","1100","1150","1200","",""
"102","Ibishyimbo Shyushya","Ibishyimbo Shyushya","birambo","Tue May 05 2026 12:14:19 GMT+0300 (Moscow Standard Time)","1100","1150","1200","",""
"103","Ibishyimbo - Mushingiriro","Ibishyimbo - Mushingiriro","birambo","Tue May 05 2026 12:13:19 GMT+0300 (Moscow Standard Time)","1100","1150","1200","",""
"104","Ifu-ingano","Ifu-ingano","birambo","Tue May 05 2026 12:11:42 GMT+0300 (Moscow Standard Time)","1100","1150","1200","",""
"105","Soya","Soya","birambo","Tue May 05 2026 12:09:32 GMT+0300 (Moscow Standard Time)","1100","1150","1200","",""
"106","Ifu - Ibigori - Mugurusu","Ifu - Ibigori - Mugurusu","birambo","Tue May 05 2026 12:07:40 GMT+0300 (Moscow Standard Time)","1033","1100","1200","",""
"107","Umuceri - RW - Kigori","Umuceri - RW - Kigori","birambo","Tue May 05 2026 12:05:14 GMT+0300 (Moscow Standard Time)","1083","1150","1200","",""
"108","igi - irinyaRwanda","igi - irinyaRwanda","birambo","Tue May 05 2026 12:04:21 GMT+0300 (Moscow Standard Time)","173","190","200","",""
"109","Igi- Pondeze","Igi- Pondeze","birambo","Tue May 05 2026 12:02:52 GMT+0300 (Moscow Standard Time)","173","190","200","",""
"110","Inkoko - Isake","Inkoko - Isake","birambo","Tue May 05 2026 12:00:01 GMT+0300 (Moscow Standard Time)","8500","9200","9867","",""
"111","Umuceri - Tz No 2","Umuceri - Tz No 2","birambo","Tue May 05 2026 11:57:07 GMT+0300 (Moscow Standard Time)","1450","1550","1600","",""
"112","Ibirayi - Kuruseke","Ibirayi - Kuruseke","birambo","Tue May 05 2026 11:56:18 GMT+0300 (Moscow Standard Time)","520","540","550","",""
"113","ibirayi - Kuruza","ibirayi - Kuruza","birambo","Tue May 05 2026 11:53:21 GMT+0300 (Moscow Standard Time)","520","540","550","",""
"114","Imyumbati","Imyumbati","birambo","Tue May 05 2026 11:52:15 GMT+0300 (Moscow Standard Time)","277","350","400","",""
"115","Igitoki","Igitoki","birambo","Tue May 05 2026 11:51:15 GMT+0300 (Moscow Standard Time)","277","350","400","",""
"116","Amateke","Amateke","birambo","Tue May 05 2026 11:49:16 GMT+0300 (Moscow Standard Time)","277","350","393","",""
"117","Isukari","Isukari","birambo","Tue May 05 2026 11:46:39 GMT+0300 (Moscow Standard Time)","1433","1550","1683","",""
"118","Amavuta ubuto","Amavuta ubuto","birambo","Tue May 05 2026 11:44:26 GMT+0300 (Moscow Standard Time)","2933","3100","3133","",""
"119","Amavuta - Amamesa","Amavuta - Amamesa","birambo","Tue May 05 2026 11:41:55 GMT+0300 (Moscow Standard Time)","2850","2950","3000","",""
"120","Ibinyomoro","Ibinyomoro","matimba","Tue May 05 2026 12:19:22 GMT+0300 (Moscow Standard Time)","1200","1300","1500","",""
"121","Umuceri Pakistani","Umuceri Pakistani","birambo","Tue May 05 2026 11:39:05 GMT+0300 (Moscow Standard Time)","1217","1280","1400","",""
"122","Umuceri Pakistani","Umuceri Pakistani","matimba","Tue May 05 2026 12:17:58 GMT+0300 (Moscow Standard Time)","1200","1300","1500","",""
"123","Umuceri Pakistani","Umuceri Pakistani","matimba","Mon May 04 2026 14:47:33 GMT+0300 (Moscow Standard Time)","1200","1240","1500","",""
"124","Ibishyimbo - Mushingiriro","Ibishyimbo - Mushingiriro","byumba","Mon May 04 2026 11:13:16 GMT+0300 (Moscow Standard Time)","800","900","1000","",""
"125","Ibishyimbo - Mushingiriro","Ibishyimbo - Mushingiriro","byumba","Mon May 04 2026 11:13:16 GMT+0300 (Moscow Standard Time)","800","900","1000","",""
"126","Umuceri - Tz No 2","Umuceri - Tz No 2","nyakarambi","Tue May 05 2026 12:04:56 GMT+0300 (Moscow Standard Time)","1300","1500","1700","",""
"127","Umuceri - RW - Kigori","Umuceri - RW - Kigori","nyakarambi","Tue May 05 2026 12:00:10 GMT+0300 (Moscow Standard Time)","900","1100","1300","",""
"128","Soya","Soya","nyakarambi","Tue May 05 2026 11:54:41 GMT+0300 (Moscow Standard Time)","800","1000","1200","",""
"129","Isukari","Isukari","nyakarambi","Tue May 05 2026 11:50:48 GMT+0300 (Moscow Standard Time)","1300","1500","1700","",""
"130","Inyanya","Inyanya","nyakarambi","Tue May 05 2026 11:42:11 GMT+0300 (Moscow Standard Time)","600","800","1000","",""
"131","inyama-inka-imvange","inyama-inka-imvange","nyakarambi","Tue May 05 2026 11:38:42 GMT+0300 (Moscow Standard Time)","5500","6000","6500","",""
"132","Inyama-inka- Iroti","Inyama-inka- Iroti","nyakarambi","Tue May 05 2026 11:29:07 GMT+0300 (Moscow Standard Time)","7000","7500","8000","",""
"133","Ingano","Ingano","nyakarambi","Tue May 05 2026 11:18:27 GMT+0300 (Moscow Standard Time)","1000","1200","1400","",""
"134","Igi- Pondeze","Igi- Pondeze","nyakarambi","Tue May 05 2026 11:16:19 GMT+0300 (Moscow Standard Time)","150","170","200","",""
"135","igi - irinyaRwanda","igi - irinyaRwanda","nyakarambi","Tue May 05 2026 11:12:01 GMT+0300 (Moscow Standard Time)","150","200","250","",""
"136","Ifu - Ibigori - Mugurusu","Ifu - Ibigori - Mugurusu","nyakarambi","Tue May 05 2026 11:04:46 GMT+0300 (Moscow Standard Time)","800","1000","1200","",""
"137","Ibitunguru-umweru","Ibitunguru-umweru","nyakarambi","Tue May 05 2026 10:58:04 GMT+0300 (Moscow Standard Time)","1000","1200","1500","",""
"138","ibitunguru-bitukura","ibitunguru-bitukura","nyakarambi","Tue May 05 2026 10:56:02 GMT+0300 (Moscow Standard Time)","800","1000","1200","",""
"139","Ibishyimbo Shyushya","Ibishyimbo Shyushya","nyakarambi","Tue May 05 2026 10:51:37 GMT+0300 (Moscow Standard Time)","800","1000","1200","",""
"140","Ibishyimbo Colta","Ibishyimbo Colta","nyakarambi","Tue May 05 2026 10:47:27 GMT+0300 (Moscow Standard Time)","1000","1200","1400","",""
"141","Ibishyimbo - Mushingiriro","Ibishyimbo - Mushingiriro","nyakarambi","Tue May 05 2026 10:36:34 GMT+0300 (Moscow Standard Time)","700","900","1100","",""
"142","Ibirayi- Kinigi Grade 2","Ibirayi- Kinigi Grade 2","nyakarambi","Tue May 05 2026 10:33:24 GMT+0300 (Moscow Standard Time)","400","500","700","",""
"143","Ibigori","Ibigori","nyakarambi","Tue May 05 2026 10:26:48 GMT+0300 (Moscow Standard Time)","400","500","600","",""
"144","Ifu-imyumbati","Ifu-imyumbati","nyakarambi","Tue May 05 2026 10:25:17 GMT+0300 (Moscow Standard Time)","400","500","600","",""
"145","Imyumbati","Imyumbati","nyakarambi","Tue May 05 2026 10:24:35 GMT+0300 (Moscow Standard Time)","400","500","600","",""
"146","Avoka","Avoka","nyakarambi","Tue May 05 2026 10:22:32 GMT+0300 (Moscow Standard Time)","400","500","600","",""
"147","Amashaza","Amashaza","nyakarambi","Tue May 05 2026 10:19:08 GMT+0300 (Moscow Standard Time)","1600","1800","2000","",""
"148","Amasaka","Amasaka","nyakarambi","Tue May 05 2026 10:15:46 GMT+0300 (Moscow Standard Time)","600","700","800","",""
"149","Ifi- Indagara-umunyu","Ifi- Indagara-umunyu","mulindi","Tue May 05 2026 11:58:38 GMT+0300 (Moscow Standard Time)","3000","3500","4000","",""
"150","Inyama-inka- Iroti","Inyama-inka- Iroti","mulindi","Tue May 05 2026 11:58:38 GMT+0300 (Moscow Standard Time)","8000","8500","9000","",""
"151","Inyanya","Inyanya","mulindi","Tue May 05 2026 11:58:38 GMT+0300 (Moscow Standard Time)","700","800","900","",""
"152","Umuceri - Tz No 2","Umuceri - Tz No 2","mulindi","Tue May 05 2026 11:53:19 GMT+0300 (Moscow Standard Time)","1400","1500","1700","",""
"153","Ibirayi- Kinigi Grade 2","Ibirayi- Kinigi Grade 2","mulindi","Tue May 05 2026 11:53:19 GMT+0300 (Moscow Standard Time)","650","680","700","",""
"154","Ibirayi- Kinigi Grade 1","Ibirayi- Kinigi Grade 1","mulindi","Tue May 05 2026 11:53:19 GMT+0300 (Moscow Standard Time)","690","720","750","",""
"155","Soya","Soya","mulindi","Tue May 05 2026 11:32:14 GMT+0300 (Moscow Standard Time)","1000","1100","1200","",""
"156","Ingano","Ingano","mulindi","Tue May 05 2026 11:32:14 GMT+0300 (Moscow Standard Time)","1000","1100","1200","",""
"157","Ifu - Ibigori - Mugurusu","Ifu - Ibigori - Mugurusu","mulindi","Tue May 05 2026 11:32:14 GMT+0300 (Moscow Standard Time)","1000","1100","1200","",""
"158","Ibishyimbo Shyushya","Ibishyimbo Shyushya","mulindi","Tue May 05 2026 11:32:14 GMT+0300 (Moscow Standard Time)","1000","1100","1200","",""
"159","Ibishyimbo/Mutiki","Ibishyimbo/Mutiki","mulindi","Tue May 05 2026 11:32:14 GMT+0300 (Moscow Standard Time)","1100","1200","1300","",""
"160","Ibishyimbo Kiryumukwe","Ibishyimbo Kiryumukwe","mulindi","Tue May 05 2026 11:32:14 GMT+0300 (Moscow Standard Time)","1100","1200","1300","",""
"161","Ibishyimbo Ibinyarwanda","Ibishyimbo Ibinyarwanda","mulindi","Tue May 05 2026 11:32:14 GMT+0300 (Moscow Standard Time)","900","1000","1100","",""
"162","Isukari","Isukari","mulindi","Tue May 05 2026 11:32:14 GMT+0300 (Moscow Standard Time)","1300","1400","1500","",""
"163","Ibishyimbo Colta","Ibishyimbo Colta","mulindi","Tue May 05 2026 11:32:14 GMT+0300 (Moscow Standard Time)","1300","1400","1500","",""
"164","Ibinyomoro","Ibinyomoro","mulindi","Tue May 05 2026 11:32:14 GMT+0300 (Moscow Standard Time)","1400","1450","1500","",""
"165","Imyumbati","Imyumbati","mulindi","Tue May 05 2026 11:32:14 GMT+0300 (Moscow Standard Time)","400","450","500","",""
"166","inshyushyu","inshyushyu","mulindi","Tue May 05 2026 11:32:14 GMT+0300 (Moscow Standard Time)","600","650","700","",""
"167","inyama-inka-imvange","inyama-inka-imvange","mulindi","Tue May 05 2026 11:32:14 GMT+0300 (Moscow Standard Time)","6000","6500","7000","",""
"168","Inyama - Inkoko - rwanda","Inyama - Inkoko - rwanda","mulindi","Tue May 05 2026 11:32:14 GMT+0300 (Moscow Standard Time)","6000","6500","7000","",""
"169","IFI - Tilapia","IFI - Tilapia","mulindi","Tue May 05 2026 11:32:14 GMT+0300 (Moscow Standard Time)","6000","6500","7000","",""
"170","inyama - inkoko - pondezi","inyama - inkoko - pondezi","mulindi","Tue May 05 2026 11:32:14 GMT+0300 (Moscow Standard Time)","4000","4500","5000","",""
"171","Ibijumba","Ibijumba","mulindi","Tue May 05 2026 11:32:14 GMT+0300 (Moscow Standard Time)","400","450","500","",""
"172","ibirayi - Kirundo","ibirayi - Kirundo","mulindi","Tue May 05 2026 11:32:14 GMT+0300 (Moscow Standard Time)","520","550","600","",""
"173","Ibigori","Ibigori","mulindi","Tue May 05 2026 11:32:14 GMT+0300 (Moscow Standard Time)","500","550","600","",""
"174","Karoti","Karoti","mulindi","Tue May 05 2026 11:32:14 GMT+0300 (Moscow Standard Time)","700","750","800","",""
"175","Avoka","Avoka","mulindi","Tue May 05 2026 11:23:53 GMT+0300 (Moscow Standard Time)","700","750","800","",""
"176","Igi- Pondeze","Igi- Pondeze","mulindi","Tue May 05 2026 11:23:53 GMT+0300 (Moscow Standard Time)","160","180","200","",""
"177","Umuceli-Tz","Umuceli-Tz","mulindi","Tue May 05 2026 11:23:53 GMT+0300 (Moscow Standard Time)","1700","1800","2000","",""
"178","Amatunda","Amatunda","mulindi","Tue May 05 2026 11:23:53 GMT+0300 (Moscow Standard Time)","1700","1800","1900","",""
"179","Ibirayi- Kinigi Grade 1","Ibirayi- Kinigi Grade 1","mubyangabo","Tue May 05 2026 11:43:43 GMT+0300 (Moscow Standard Time)","670","700","700","",""
"180","Ibirayi - Kuruseke","Ibirayi - Kuruseke","mubyangabo","Tue May 05 2026 11:43:43 GMT+0300 (Moscow Standard Time)","520","550","550","",""
"181","Ifi - isambaza","Ifi - isambaza","mubyangabo","Tue May 05 2026 11:43:43 GMT+0300 (Moscow Standard Time)","4000","6000","6000","",""
"182","Ibirayi - Kuruseke","Ibirayi - Kuruseke","mahoko","Tue May 05 2026 11:44:13 GMT+0300 (Moscow Standard Time)","550","580","600","",""
"183","ibirayi - Kirundo","ibirayi - Kirundo","mahoko","Tue May 05 2026 11:44:13 GMT+0300 (Moscow Standard Time)","550","580","600","",""
"184","Ifi- Indagara-umunyu","Ifi- Indagara-umunyu","mubyangabo","Tue May 05 2026 11:39:17 GMT+0300 (Moscow Standard Time)","3500","4000","4000","",""
"185","Inyama-inka- Iroti","Inyama-inka- Iroti","mubyangabo","Tue May 05 2026 11:39:17 GMT+0300 (Moscow Standard Time)","7000","8000","8000","",""
"186","IFI - Tilapia","IFI - Tilapia","mahoko","Tue May 05 2026 11:31:20 GMT+0300 (Moscow Standard Time)","5000","5200","5500","",""
"187","Isukari","Isukari","mahoko","Tue May 05 2026 11:31:20 GMT+0300 (Moscow Standard Time)","1280","1340","1500","",""
"188","Umuceri - Tz No 2","Umuceri - Tz No 2","mahoko","Tue May 05 2026 11:31:20 GMT+0300 (Moscow Standard Time)","1520","1600","1800","",""
"189","Igi- Pondeze","Igi- Pondeze","mahoko","Tue May 05 2026 11:31:20 GMT+0300 (Moscow Standard Time)","160","200","200","",""
"190","igi - irinyaRwanda","igi - irinyaRwanda","mahoko","Tue May 05 2026 11:31:20 GMT+0300 (Moscow Standard Time)","200","230","250","",""
"191","inyama - inkoko - pondezi","inyama - inkoko - pondezi","mahoko","Tue May 05 2026 11:19:40 GMT+0300 (Moscow Standard Time)","5000","5500","5500","",""
"192","inyama-inka-imvange","inyama-inka-imvange","mahoko","Tue May 05 2026 11:19:40 GMT+0300 (Moscow Standard Time)","6300","6500","6500","",""
"193","Inyama-inka- Iroti","Inyama-inka- Iroti","mahoko","Tue May 05 2026 11:19:40 GMT+0300 (Moscow Standard Time)","7700","8000","8000","",""
"194","Ifi- Indagara-umunyu","Ifi- Indagara-umunyu","mahoko","Tue May 05 2026 11:19:40 GMT+0300 (Moscow Standard Time)","3500","3800","4000","",""
"195","Ibirayi- Kinigi Grade 1","Ibirayi- Kinigi Grade 1","mahoko","Tue May 05 2026 11:19:40 GMT+0300 (Moscow Standard Time)","600","630","650","",""
"196","Ibishyimbo Kiryumukwe","Ibishyimbo Kiryumukwe","mahoko","Tue May 05 2026 10:56:32 GMT+0300 (Moscow Standard Time)","1100","1150","1200","",""
"197","Ibishyimbo - Mushingiriro","Ibishyimbo - Mushingiriro","mahoko","Tue May 05 2026 10:56:32 GMT+0300 (Moscow Standard Time)","1000","1050","1100","",""
"198","Ibishyimbo Ibinyarwanda","Ibishyimbo Ibinyarwanda","mahoko","Tue May 05 2026 10:56:32 GMT+0300 (Moscow Standard Time)","1000","1050","1100","",""
"199","Ifu-amasaka","Ifu-amasaka","mahoko","Tue May 05 2026 10:56:32 GMT+0300 (Moscow Standard Time)","800","850","917","",""
"200","Amakara","Amakara","mahoko","Tue May 05 2026 10:50:25 GMT+0300 (Moscow Standard Time)","29000","31000","32000","",""
"201","Inyama-ingurube","Inyama-ingurube","mahoko","Tue May 05 2026 10:50:25 GMT+0300 (Moscow Standard Time)","4300","4500","4500","",""
"202","Ubuki","Ubuki","mahoko","Tue May 05 2026 10:50:25 GMT+0300 (Moscow Standard Time)","6500","7000","7000","",""
"203","Imiteja","Imiteja","mahoko","Tue May 05 2026 10:50:25 GMT+0300 (Moscow Standard Time)","1000","1100","1200","",""
"204","Ibitonore","Ibitonore","mahoko","Tue May 05 2026 10:50:25 GMT+0300 (Moscow Standard Time)","800","900","1000","",""
"205","Urunyogwe","Urunyogwe","mahoko","Tue May 05 2026 10:25:24 GMT+0300 (Moscow Standard Time)","1800","1900","2000","",""
"206","Avoka","Avoka","mahoko","Tue May 05 2026 10:25:24 GMT+0300 (Moscow Standard Time)","500","550","600","",""
"207","Ibinyomoro","Ibinyomoro","mahoko","Tue May 05 2026 10:25:24 GMT+0300 (Moscow Standard Time)","800","900","1000","",""
"208","Ifu - Ibigori - MINIMEX","Ifu - Ibigori - MINIMEX","mahoko","Tue May 05 2026 11:31:20 GMT+0300 (Moscow Standard Time)","760","8000","1000","",""
"209","Puwavuro","Puwavuro","mahoko","Tue May 05 2026 10:25:24 GMT+0300 (Moscow Standard Time)","1300","1400","1500","",""
"210","Urusenda","Urusenda","mahoko","Tue May 05 2026 10:25:24 GMT+0300 (Moscow Standard Time)","1800","1900","2000","",""
"211","Imyembe","Imyembe","mahoko","Tue May 05 2026 10:25:24 GMT+0300 (Moscow Standard Time)","800","900","1000","",""
"212","Amacunga","Amacunga","mahoko","Tue May 05 2026 10:25:24 GMT+0300 (Moscow Standard Time)","800","900","1000","",""
"213","Karoti","Karoti","mahoko","Tue May 05 2026 10:25:24 GMT+0300 (Moscow Standard Time)","400","450","500","",""
"214","Ifu-ibigori","Ifu-ibigori","mahoko","Tue May 05 2026 10:25:24 GMT+0300 (Moscow Standard Time)","600","650","700","",""
"215","ibitunguru-bitukura","ibitunguru-bitukura","mahoko","Tue May 05 2026 10:25:24 GMT+0300 (Moscow Standard Time)","800","900","1000","",""
"216","Umuceli-Tz","Umuceli-Tz","mahoko","Tue May 05 2026 10:25:24 GMT+0300 (Moscow Standard Time)","1920","2000","2100","",""
"217","Umuceli-RW","Umuceli-RW","mahoko","Tue May 05 2026 10:25:24 GMT+0300 (Moscow Standard Time)","1080","1160","1300","",""
"218","Ubunyobwa","Ubunyobwa","mahoko","Tue May 05 2026 10:25:24 GMT+0300 (Moscow Standard Time)","2000","2200","2300","",""
"219","Soya","Soya","mahoko","Tue May 05 2026 10:25:24 GMT+0300 (Moscow Standard Time)","1000","1100","1200","",""
"220","Inyanya","Inyanya","mahoko","Tue May 05 2026 10:25:24 GMT+0300 (Moscow Standard Time)","800","900","1000","",""
"221","inshyushyu","inshyushyu","mahoko","Tue May 05 2026 10:25:24 GMT+0300 (Moscow Standard Time)","500","600","600","",""
"222","Ingano","Ingano","mahoko","Tue May 05 2026 10:25:24 GMT+0300 (Moscow Standard Time)","1100","1150","1200","",""
"223","Imyumbati","Imyumbati","mahoko","Tue May 05 2026 10:25:24 GMT+0300 (Moscow Standard Time)","400","450","450","",""
"224","Igitoki","Igitoki","mahoko","Tue May 05 2026 10:25:24 GMT+0300 (Moscow Standard Time)","450","500","500","",""
"225","Ifu-imyumbati","Ifu-imyumbati","mahoko","Tue May 05 2026 10:25:24 GMT+0300 (Moscow Standard Time)","800","850","900","",""
"226","Ibijumba","Ibijumba","mahoko","Tue May 05 2026 10:25:24 GMT+0300 (Moscow Standard Time)","350","400","400","",""
"227","inyama-inka-imvange","inyama-inka-imvange","mubyangabo","Tue May 05 2026 10:09:42 GMT+0300 (Moscow Standard Time)","5000","6000","6000","",""
"228","Ibigori","Ibigori","mahoko","Tue May 05 2026 10:25:24 GMT+0300 (Moscow Standard Time)","520","580","600","",""
"229","Amatunda","Amatunda","mahoko","Tue May 05 2026 10:25:24 GMT+0300 (Moscow Standard Time)","1800","1900","2000","",""
"230","Amasaka","Amasaka","mahoko","Tue May 05 2026 10:25:24 GMT+0300 (Moscow Standard Time)","700","750","800","",""
"231","Ibirayi- Kinigi Grade 2","Ibirayi- Kinigi Grade 2","mahoko","Tue May 05 2026 10:25:24 GMT+0300 (Moscow Standard Time)","550","580","600","",""
"232","Amateke","Amateke","mahoko","Tue May 05 2026 10:25:24 GMT+0300 (Moscow Standard Time)","800","900","1000","",""
"233","inyama - inkoko - pondezi","inyama - inkoko - pondezi","mubyangabo","Tue May 05 2026 10:09:42 GMT+0300 (Moscow Standard Time)","4000","5000","5000","",""
"234","Ifu - Ibigori - Mugurusu","Ifu - Ibigori - Mugurusu","mubyangabo","Tue May 05 2026 10:09:42 GMT+0300 (Moscow Standard Time)","1000","1080","1200","",""
"235","Ifu - Ibigori - Iraboneye","Ifu - Ibigori - Iraboneye","mubyangabo","Tue May 05 2026 10:09:42 GMT+0300 (Moscow Standard Time)","720","760","900","",""
"236","Umuceri - RW - Kigori","Umuceri - RW - Kigori","mubyangabo","Tue May 05 2026 10:09:42 GMT+0300 (Moscow Standard Time)","1080","1160","1300","",""
"237","Amatunda","Amatunda","mulindi","Tue May 05 2026 11:23:53 GMT+0300 (Moscow Standard Time)","1700","1800","1900","",""
"238","inyama-inka-imvange","inyama-inka-imvange","Kimironko","Tue May 05 2026 10:52:29 GMT+0300 (Moscow Standard Time)","4933","5900","6867","",""
"239","Ifu - Ibigori - Mugurusu","Ifu - Ibigori - Mugurusu","Kimironko","Tue May 05 2026 10:52:29 GMT+0300 (Moscow Standard Time)","1007","1057","1183","",""
"240","Avoka","Avoka","Kimironko","Tue May 05 2026 10:52:29 GMT+0300 (Moscow Standard Time)","467","667","900","",""
"241","Igitoki","Igitoki","Kimironko","Tue May 05 2026 10:52:29 GMT+0300 (Moscow Standard Time)","433","470","517","",""
"242","ibitunguru-bitukura","ibitunguru-bitukura","Kimironko","Tue May 05 2026 10:52:29 GMT+0300 (Moscow Standard Time)","750","833","1000","",""
"243","inyama - inkoko - pondezi","inyama - inkoko - pondezi","Kimironko","Tue May 05 2026 10:52:29 GMT+0300 (Moscow Standard Time)","3733","4000","4667","",""
"244","Soya","Soya","Kimironko","Tue May 05 2026 10:52:29 GMT+0300 (Moscow Standard Time)","1150","1300","1433","",""
"245","Ingano","Ingano","Kimironko","Tue May 05 2026 10:52:29 GMT+0300 (Moscow Standard Time)","817","1000","1217","",""
"246","Karoti","Karoti","Kimironko","Tue May 05 2026 10:52:29 GMT+0300 (Moscow Standard Time)","783","900","1100","",""
"247","Inyanya","Inyanya","Kimironko","Tue May 05 2026 10:52:29 GMT+0300 (Moscow Standard Time)","883","1000","1167","",""
"248","Ibijumba","Ibijumba","Kimironko","Tue May 05 2026 10:52:29 GMT+0300 (Moscow Standard Time)","433","533","650","",""
"249","Ibinyomoro","Ibinyomoro","Kimironko","Tue May 05 2026 10:52:29 GMT+0300 (Moscow Standard Time)","1367","1667","1933","",""
"250","Amatunda","Amatunda","Kimironko","Tue May 05 2026 10:52:29 GMT+0300 (Moscow Standard Time)","1300","1467","1933","",""
"251","Ibishyimbo Shyushya","Ibishyimbo Shyushya","Kimironko","Tue May 05 2026 10:52:29 GMT+0300 (Moscow Standard Time)","1017","1133","1283","",""
"252","Ibishyimbo Colta","Ibishyimbo Colta","Kimironko","Tue May 05 2026 10:52:29 GMT+0300 (Moscow Standard Time)","1033","1150","1433","",""
"253","Umuceri - RW - Kigori","Umuceri - RW - Kigori","Kimironko","Tue May 05 2026 10:52:29 GMT+0300 (Moscow Standard Time)","1050","1150","1250","",""
"254","Umuceri - Rw - Gikonko","Umuceri - Rw - Gikonko","Kimironko","Tue May 05 2026 10:52:29 GMT+0300 (Moscow Standard Time)","1150","1250","1350","",""
"255","Umuceri - Rw - Luck rice","Umuceri - Rw - Luck rice","Kimironko","Tue May 05 2026 10:52:29 GMT+0300 (Moscow Standard Time)","1250","1350","1450","",""
"256","ibirayi - Kirundo","ibirayi - Kirundo","Kimironko","Tue May 05 2026 10:52:29 GMT+0300 (Moscow Standard Time)","607","657","717","",""
"257","Umuceri - Rw - Gikonko","Umuceri - Rw - Gikonko","mubyangabo","Tue May 05 2026 10:09:42 GMT+0300 (Moscow Standard Time)","1200","1280","1400","",""
"258","igi - irinyaRwanda","igi - irinyaRwanda","mubyangabo","Tue May 05 2026 10:09:42 GMT+0300 (Moscow Standard Time)","200","250","250","",""
"259","Igi- Pondeze","Igi- Pondeze","mubyangabo","Tue May 05 2026 10:09:42 GMT+0300 (Moscow Standard Time)","140","170","200","",""
"260","Umuceri - Tz No 2","Umuceri - Tz No 2","mubyangabo","Tue May 05 2026 10:09:42 GMT+0300 (Moscow Standard Time)","1440","1600","1700","",""
"261","Umuceri - Rw - Nyiraburyohe","Umuceri - Rw - Nyiraburyohe","mubyangabo","Tue May 05 2026 10:09:42 GMT+0300 (Moscow Standard Time)","1080","1160","1300","",""
"262","Amateke","Amateke","mubyangabo","Tue May 05 2026 10:09:42 GMT+0300 (Moscow Standard Time)","700","1000","1000","",""
"263","ibirayi - Kirundo","ibirayi - Kirundo","mubyangabo","Tue May 05 2026 10:09:42 GMT+0300 (Moscow Standard Time)","520","550","550","",""
"264","IFI - Tomson","IFI - Tomson","Kimironko","Tue May 05 2026 10:52:29 GMT+0300 (Moscow Standard Time)","3067","3567","4167","",""
"265","IFI - Tilapia","IFI - Tilapia","Kimironko","Tue May 05 2026 10:52:29 GMT+0300 (Moscow Standard Time)","4833","5800","6500","",""
"266","Isukari","Isukari","mubyangabo","Tue May 05 2026 10:09:42 GMT+0300 (Moscow Standard Time)","1400","1600","1700","",""
"267","Amavuta ubuto","Amavuta ubuto","mubyangabo","Tue May 05 2026 10:09:42 GMT+0300 (Moscow Standard Time)","2500","2700","3000","",""
"268","Amavuta - Amamesa","Amavuta - Amamesa","mubyangabo","Tue May 05 2026 10:09:42 GMT+0300 (Moscow Standard Time)","2700","3000","3500","",""
"269","IFI - Tomson","IFI - Tomson","mubyangabo","Tue May 05 2026 10:09:42 GMT+0300 (Moscow Standard Time)","4000","5000","5000","",""
"270","Isombe","Isombe","nyakarambi","Tue May 05 2026 10:12:59 GMT+0300 (Moscow Standard Time)","300","400","500","",""
"271","Igitoki","Igitoki","nyakarambi","Tue May 05 2026 10:10:23 GMT+0300 (Moscow Standard Time)","300","400","500","",""
"272","IFI - Tilapia","IFI - Tilapia","mubyangabo","Tue May 05 2026 10:09:42 GMT+0300 (Moscow Standard Time)","5000","7000","7000","",""
"273","Ibinyomoro","Ibinyomoro","kibungo","Mon May 04 2026 17:31:06 GMT+0300 (Moscow Standard Time)","750","1000","1200","",""
"274","Igi- Pondeze","Igi- Pondeze","kibungo","Mon May 04 2026 17:31:06 GMT+0300 (Moscow Standard Time)","150","190","200","",""
"275","Isukari","Isukari","kibungo","Mon May 04 2026 17:31:06 GMT+0300 (Moscow Standard Time)","1200","1500","1600","",""
"276","Gaz","Gaz","kibungo","Mon May 04 2026 17:31:06 GMT+0300 (Moscow Standard Time)","2000","2400","2500","",""
"277","Igitoki","Igitoki","kibungo","Mon May 04 2026 17:31:06 GMT+0300 (Moscow Standard Time)","350","450","470","",""
"278","Amatunda","Amatunda","kibungo","Mon May 04 2026 17:31:06 GMT+0300 (Moscow Standard Time)","1300","1700","1800","",""
"279","Umuceri - Tz No 2","Umuceri - Tz No 2","kibungo","Mon May 04 2026 17:31:06 GMT+0300 (Moscow Standard Time)","1400","1750","1800","",""
"280","Umuceli-Tz","Umuceli-Tz","kibungo","Mon May 04 2026 17:31:06 GMT+0300 (Moscow Standard Time)","1600","1950","2000","",""
"281","Ibishyimbo Ibinyarwanda","Ibishyimbo Ibinyarwanda","kibungo","Mon May 04 2026 17:31:06 GMT+0300 (Moscow Standard Time)","800","950","1000","",""
"282","Ifu-ingano","Ifu-ingano","kibungo","Mon May 04 2026 17:31:06 GMT+0300 (Moscow Standard Time)","1000","1350","1400","",""
"283","Umuceri Pakistani","Umuceri Pakistani","kibungo","Mon May 04 2026 17:31:06 GMT+0300 (Moscow Standard Time)","1000","1350","1400","",""
"284","Ingano","Ingano","kibungo","Mon May 04 2026 17:31:06 GMT+0300 (Moscow Standard Time)","900","1100","1200","",""
"285","Umuceri - RW - Kigori","Umuceri - RW - Kigori","kibungo","Mon May 04 2026 17:31:06 GMT+0300 (Moscow Standard Time)","900","1100","1200","",""
"286","Ibishyimbo Shyushya","Ibishyimbo Shyushya","kibungo","Mon May 04 2026 17:31:06 GMT+0300 (Moscow Standard Time)","850","1000","1100","",""
"287","Ibishyimbo - Mushingiriro","Ibishyimbo - Mushingiriro","kibungo","Mon May 04 2026 17:31:06 GMT+0300 (Moscow Standard Time)","850","1000","1100","",""
"288","Puwavuro","Puwavuro","matimba","Mon May 04 2026 13:14:08 GMT+0300 (Moscow Standard Time)","900","1000","1100","",""
"289","Ibinyomoro","Ibinyomoro","matimba","Mon May 04 2026 13:14:08 GMT+0300 (Moscow Standard Time)","1200","1300","1500","",""
"290","Amakara","Amakara","matimba","Mon May 04 2026 13:14:08 GMT+0300 (Moscow Standard Time)","12000","13000","15000","",""
"291","Ifu-amasaka","Ifu-amasaka","matimba","Mon May 04 2026 13:14:08 GMT+0300 (Moscow Standard Time)","750","800","1000","",""
"292","Ifu-ibigori-yo-mumahanga","Ifu-ibigori-yo-mumahanga","matimba","Mon May 04 2026 13:14:08 GMT+0300 (Moscow Standard Time)","800","900","1200","",""
"293","Ibishyimbo Shyushya","Ibishyimbo Shyushya","matimba","Mon May 04 2026 13:14:08 GMT+0300 (Moscow Standard Time)","950","1000","1200","",""
"294","Igitoki","Igitoki","gahoromani","Mon May 04 2026 13:59:23 GMT+0300 (Moscow Standard Time)","350","400","500","",""
"295","igi - irinyaRwanda","igi - irinyaRwanda","gahoromani","Mon May 04 2026 13:59:23 GMT+0300 (Moscow Standard Time)","220","230","250","",""
"296","Igi- Pondeze","Igi- Pondeze","gahoromani","Mon May 04 2026 13:59:23 GMT+0300 (Moscow Standard Time)","160","170","200","",""
"297","Ibishyimbo Shyushya","Ibishyimbo Shyushya","gahoromani","Mon May 04 2026 13:59:23 GMT+0300 (Moscow Standard Time)","1100","1160","1200","",""
"298","ibitunguru-bitukura","ibitunguru-bitukura","gahoromani","Mon May 04 2026 13:59:23 GMT+0300 (Moscow Standard Time)","700","800","900","",""
"299","Ibishyimbo Shyushya","Ibishyimbo Shyushya","gahoromani","Mon May 04 2026 13:59:23 GMT+0300 (Moscow Standard Time)","1100","1160","1200","",""
"300","Ibishyimbo/Mutiki","Ibishyimbo/Mutiki","gahoromani","Mon May 04 2026 13:59:23 GMT+0300 (Moscow Standard Time)","1200","1250","1300","",""
"301","Ibishyimbo Kiryumukwe","Ibishyimbo Kiryumukwe","gahoromani","Mon May 04 2026 13:59:23 GMT+0300 (Moscow Standard Time)","1100","1160","1200","",""
"302","Ibishyimbo Colta","Ibishyimbo Colta","gahoromani","Mon May 04 2026 13:59:23 GMT+0300 (Moscow Standard Time)","1300","1350","1400","",""
"303","Ibishyimbo Ibinyarwanda","Ibishyimbo Ibinyarwanda","gahoromani","Mon May 04 2026 13:59:23 GMT+0300 (Moscow Standard Time)","900","950","1000","",""
"304","Ibijumba","Ibijumba","gahoromani","Mon May 04 2026 13:59:23 GMT+0300 (Moscow Standard Time)","350","400","500","",""
"305","Ibishyimbo - Injyamane","Ibishyimbo - Injyamane","gahoromani","Mon May 04 2026 13:46:20 GMT+0300 (Moscow Standard Time)","1100","1150","1200","",""
"306","Ibinyomoro","Ibinyomoro","gahoromani","Mon May 04 2026 13:46:20 GMT+0300 (Moscow Standard Time)","1300","1400","1500","",""
"307","Avoka","Avoka","gahoromani","Mon May 04 2026 13:46:20 GMT+0300 (Moscow Standard Time)","600","700","800","",""
"308","Amatunda","Amatunda","gahoromani","Mon May 04 2026 13:46:20 GMT+0300 (Moscow Standard Time)","1600","1700","1800","",""
"309","Amacunga","Amacunga","gahoromani","Mon May 04 2026 13:46:20 GMT+0300 (Moscow Standard Time)","800","900","1000","",""
"310","inyama-inka-imvange","inyama-inka-imvange","matimba","Mon May 04 2026 12:44:44 GMT+0300 (Moscow Standard Time)","4000","4500","5500","",""
"311","Ibishyimbo Kiryumukwe","Ibishyimbo Kiryumukwe","matimba","Mon May 04 2026 12:44:44 GMT+0300 (Moscow Standard Time)","950","1000","1200","",""
"312","Ifi- Indagara-umunyu","Ifi- Indagara-umunyu","matimba","Mon May 04 2026 12:44:44 GMT+0300 (Moscow Standard Time)","3000","3200","3500","",""
"313","Inyama-inka- Iroti","Inyama-inka- Iroti","matimba","Mon May 04 2026 12:44:44 GMT+0300 (Moscow Standard Time)","6000","6500","7000","",""
"314","inyama-inka-imvange","inyama-inka-imvange","matimba","Mon May 04 2026 12:44:44 GMT+0300 (Moscow Standard Time)","4000","4500","5500","",""
"315","Pome","Pome","kibuye","Mon May 04 2026 13:06:13 GMT+0300 (Moscow Standard Time)","6000","6500","7000","",""
"316","Amacunga","Amacunga","kibuye","Mon May 04 2026 13:05:28 GMT+0300 (Moscow Standard Time)","600","800","1000","",""
"317","Mandarine","Mandarine","kibuye","Mon May 04 2026 13:05:06 GMT+0300 (Moscow Standard Time)","1100","1300","1500","",""
"318","Indimu","Indimu","kibuye","Mon May 04 2026 13:04:03 GMT+0300 (Moscow Standard Time)","1100","1300","1500","",""
"319","Imyembe","Imyembe","kibuye","Mon May 04 2026 13:03:26 GMT+0300 (Moscow Standard Time)","800","1000","1200","",""
"320","Amatunda","Amatunda","kibuye","Mon May 04 2026 13:02:46 GMT+0300 (Moscow Standard Time)","1000","1200","1400","",""
"321","Ibinyomoro","Ibinyomoro","kibuye","Mon May 04 2026 13:01:53 GMT+0300 (Moscow Standard Time)","900","1100","1300","",""
"322","Inanasi","Inanasi","kibuye","Mon May 04 2026 13:01:02 GMT+0300 (Moscow Standard Time)","200","300","400","",""
"323","Imineke","Imineke","kibuye","Mon May 04 2026 12:59:31 GMT+0300 (Moscow Standard Time)","400","550","700","",""
"324","Avoka","Avoka","kibuye","Mon May 04 2026 12:58:59 GMT+0300 (Moscow Standard Time)","500","650","800","",""
"325","Inyanya","Inyanya","kibuye","Mon May 04 2026 12:58:16 GMT+0300 (Moscow Standard Time)","500","650","800","",""
"326","Puwavuro","Puwavuro","kibuye","Mon May 04 2026 12:57:55 GMT+0300 (Moscow Standard Time)","900","1100","1300","",""
"327","ibitunguru-bitukura","ibitunguru-bitukura","kibuye","Mon May 04 2026 12:57:07 GMT+0300 (Moscow Standard Time)","900","1100","1300","",""
"328","Ibitunguru-umweru","Ibitunguru-umweru","kibuye","Mon May 04 2026 12:56:28 GMT+0300 (Moscow Standard Time)","1100","1300","1500","",""
"329","Karoti","Karoti","kibuye","Mon May 04 2026 12:55:47 GMT+0300 (Moscow Standard Time)","600","700","800","",""
"330","Amashu","Amashu","kibuye","Mon May 04 2026 12:55:02 GMT+0300 (Moscow Standard Time)","100","150","200","",""
"331","Imiteja","Imiteja","kibuye","Mon May 04 2026 12:52:52 GMT+0300 (Moscow Standard Time)","800","1000","1200","",""
"332","Isombe","Isombe","kibuye","Mon May 04 2026 12:52:16 GMT+0300 (Moscow Standard Time)","500","650","800","",""
"333","Urunyogwe","Urunyogwe","kibuye","Mon May 04 2026 12:51:32 GMT+0300 (Moscow Standard Time)","1400","1600","1800","",""
"334","Ifi- Indagara-umunyu","Ifi- Indagara-umunyu","kibuye","Mon May 04 2026 12:50:47 GMT+0300 (Moscow Standard Time)","3200","3600","4000","",""
"335","Ifi - isambaza","Ifi - isambaza","kibuye","Mon May 04 2026 12:47:55 GMT+0300 (Moscow Standard Time)","3700","4100","4500","",""
"336","IFI - Tilapia","IFI - Tilapia","kibuye","Mon May 04 2026 12:46:39 GMT+0300 (Moscow Standard Time)","4500","5000","5500","",""
"337","Inyama-inka- Iroti","Inyama-inka- Iroti","kibuye","Mon May 04 2026 12:45:57 GMT+0300 (Moscow Standard Time)","7000","7500","8000","",""
"338","inyama-inka-imvange","inyama-inka-imvange","kibuye","Mon May 04 2026 12:45:14 GMT+0300 (Moscow Standard Time)","5500","6000","6500","",""
"339","inyama - inkoko - pondezi","inyama - inkoko - pondezi","kibuye","Mon May 04 2026 12:43:01 GMT+0300 (Moscow Standard Time)","4700","5100","5500","",""
"340","Umuceli-RW","Umuceli-RW","kibuye","Mon May 04 2026 12:40:11 GMT+0300 (Moscow Standard Time)","1150","1280","1400","",""
"341","Umuceri Pakistani","Umuceri Pakistani","kibuye","Mon May 04 2026 12:39:05 GMT+0300 (Moscow Standard Time)","1260","1380","1500","",""
"342","Umuceri - Tz No 2","Umuceri - Tz No 2","kibuye","Mon May 04 2026 12:38:22 GMT+0300 (Moscow Standard Time)","1480","1590","1700","",""
"343","Umuceli-Tz","Umuceli-Tz","kibuye","Mon May 04 2026 12:34:55 GMT+0300 (Moscow Standard Time)","1780","1890","2000","",""
"344","igi - irinyaRwanda","igi - irinyaRwanda","kibuye","Mon May 04 2026 12:34:11 GMT+0300 (Moscow Standard Time)","200","220","250","",""
"345","Igi- Pondeze","Igi- Pondeze","kibuye","Mon May 04 2026 12:33:31 GMT+0300 (Moscow Standard Time)","160","180","200","",""
"346","Ifu-ibigori","Ifu-ibigori","kibuye","Mon May 04 2026 12:32:48 GMT+0300 (Moscow Standard Time)","500","600","700","",""
"347","Ifu-imyumbati","Ifu-imyumbati","kibuye","Mon May 04 2026 12:31:48 GMT+0300 (Moscow Standard Time)","700","850","1000","",""
"348","Ifu - Ibigori - Mugurusu","Ifu - Ibigori - Mugurusu","kibuye","Mon May 04 2026 12:31:01 GMT+0300 (Moscow Standard Time)","970","1080","1200","",""
"349","Ifu - Ibigori - MINIMEX","Ifu - Ibigori - MINIMEX","kibuye","Mon May 04 2026 12:30:15 GMT+0300 (Moscow Standard Time)","800","900","1000","",""
"350","Isukari","Isukari","kibuye","Mon May 04 2026 12:29:32 GMT+0300 (Moscow Standard Time)","1480","1580","1700","",""
"351","Amavuta ubuto","Amavuta ubuto","kibuye","Mon May 04 2026 12:28:43 GMT+0300 (Moscow Standard Time)","2800","3000","3200","",""
"352","Soya","Soya","kibuye","Mon May 04 2026 12:26:33 GMT+0300 (Moscow Standard Time)","800","1000","1200","",""
"353","Ibigori","Ibigori","kibuye","Mon May 04 2026 12:25:25 GMT+0300 (Moscow Standard Time)","460","530","600","",""
"354","Amasaka","Amasaka","kibuye","Mon May 04 2026 12:24:21 GMT+0300 (Moscow Standard Time)","780","880","1000","",""
"355","Ubunyobwa","Ubunyobwa","kibuye","Mon May 04 2026 12:23:28 GMT+0300 (Moscow Standard Time)","2100","2300","2500","",""
"356","Ingano","Ingano","kibuye","Mon May 04 2026 12:22:59 GMT+0300 (Moscow Standard Time)","900","1100","1300","",""
"357","Ibishyimbo/Mutiki","Ibishyimbo/Mutiki","kibuye","Mon May 04 2026 12:22:22 GMT+0300 (Moscow Standard Time)","1000","1150","1300","",""
"358","Ibishyimbo Shyushya","Ibishyimbo Shyushya","kibuye","Mon May 04 2026 12:22:04 GMT+0300 (Moscow Standard Time)","900","1050","1200","",""
"359","Ibishyimbo Ibinyarwanda","Ibishyimbo Ibinyarwanda","kibuye","Mon May 04 2026 12:21:50 GMT+0300 (Moscow Standard Time)","900","1050","1200","",""
"360","Ibishyimbo - Mushingiriro","Ibishyimbo - Mushingiriro","kibuye","Mon May 04 2026 12:20:45 GMT+0300 (Moscow Standard Time)","900","1050","1200","",""
"361","Amatunda","Amatunda","karambi","Mon May 04 2026 12:25:54 GMT+0300 (Moscow Standard Time)","1200","1400","1600","",""
"362","Amakara","Amakara","karambi","Mon May 04 2026 12:22:56 GMT+0300 (Moscow Standard Time)","11000","12500","13000","",""
"363","Amapera","Amapera","karambi","Mon May 04 2026 12:20:26 GMT+0300 (Moscow Standard Time)","200","300","400","",""
"364","Ibirayi- Kinigi Grade 2","Ibirayi- Kinigi Grade 2","kibuye","Mon May 04 2026 12:18:32 GMT+0300 (Moscow Standard Time)","650","700","750","",""
"365","Ibirayi- Kinigi Grade 1","Ibirayi- Kinigi Grade 1","kibuye","Mon May 04 2026 12:17:34 GMT+0300 (Moscow Standard Time)","700","750","800","",""
"366","Ibirayi - Kuruseke","Ibirayi - Kuruseke","kibuye","Mon May 04 2026 12:17:08 GMT+0300 (Moscow Standard Time)","600","650","700","",""
"367","ibirayi - Kuruza","ibirayi - Kuruza","kibuye","Mon May 04 2026 12:15:50 GMT+0300 (Moscow Standard Time)","600","650","700","",""
"368","Ibihaza","Ibihaza","kibuye","Mon May 04 2026 12:15:10 GMT+0300 (Moscow Standard Time)","200","300","400","",""
"369","Amakara","Amakara","kibuye","Mon May 04 2026 12:13:28 GMT+0300 (Moscow Standard Time)","11000","12500","14000","",""
"370","Amateke","Amateke","kibuye","Mon May 04 2026 12:13:06 GMT+0300 (Moscow Standard Time)","400","450","500","",""
"371","Igitoki","Igitoki","kibuye","Mon May 04 2026 12:12:32 GMT+0300 (Moscow Standard Time)","400","450","500","",""
"372","Imyumbati","Imyumbati","kibuye","Mon May 04 2026 12:12:17 GMT+0300 (Moscow Standard Time)","300","350","400","",""
"373","Ibijumba","Ibijumba","kibuye","Mon May 04 2026 12:11:33 GMT+0300 (Moscow Standard Time)","300","350","400","",""
"374","Amasaka","Amasaka","karambi","Mon May 04 2026 12:17:22 GMT+0300 (Moscow Standard Time)","400","500","600","",""
"375","Amashu","Amashu","karambi","Mon May 04 2026 12:13:43 GMT+0300 (Moscow Standard Time)","400","500","600","",""
"376","Amateke","Amateke","karambi","Mon May 04 2026 12:11:31 GMT+0300 (Moscow Standard Time)","350","500","600","",""
"377","Amavuta - Amamesa","Amavuta - Amamesa","karambi","Mon May 04 2026 12:08:26 GMT+0300 (Moscow Standard Time)","2900","3100","3200","",""
"378","Urukwavu","Urukwavu","matimba","Mon May 04 2026 12:03:44 GMT+0300 (Moscow Standard Time)","3500","4000","3833","",""
"379","Amavuta ubuto","Amavuta ubuto","karambi","Mon May 04 2026 12:06:24 GMT+0300 (Moscow Standard Time)","2600","2800","3000","",""
"380","Avoka","Avoka","karambi","Mon May 04 2026 12:04:07 GMT+0300 (Moscow Standard Time)","450","600","800","",""
"381","Ifu - Ibigori - MINIMEX","Ifu - Ibigori - MINIMEX","matimba","Mon May 04 2026 12:01:40 GMT+0300 (Moscow Standard Time)","833","900","1200","",""
"382","Ifu - Ibigori - MINIMEX","Ifu - Ibigori - MINIMEX","matimba","Mon May 04 2026 12:01:40 GMT+0300 (Moscow Standard Time)","833","900","1200","",""
"383","Dodo","Dodo","karambi","Mon May 04 2026 12:02:43 GMT+0300 (Moscow Standard Time)","200","300","400","",""
"384","Umuceri - RW - Kigori","Umuceri - RW - Kigori","matimba","Mon May 04 2026 11:59:12 GMT+0300 (Moscow Standard Time)","1000","1160","1400","",""
"385","Umuceri - RW - Kigori","Umuceri - RW - Kigori","matimba","Mon May 04 2026 11:59:12 GMT+0300 (Moscow Standard Time)","1000","1160","1400","",""
"386","Ibijumba","Ibijumba","karambi","Mon May 04 2026 11:59:39 GMT+0300 (Moscow Standard Time)","200","300","400","",""
"387","igi - irinyaRwanda","igi - irinyaRwanda","matimba","Mon May 04 2026 11:57:30 GMT+0300 (Moscow Standard Time)","170","200","250","",""
"388","Igi- Pondeze","Igi- Pondeze","matimba","Mon May 04 2026 11:56:17 GMT+0300 (Moscow Standard Time)","140","150","200","",""
"389","Isukari","Isukari","matimba","Mon May 04 2026 11:55:00 GMT+0300 (Moscow Standard Time)","1400","1480","1800","",""
"390","Amavuta ubuto","Amavuta ubuto","matimba","Mon May 04 2026 11:48:33 GMT+0300 (Moscow Standard Time)","2700","2750","2900","",""
"391","igi - irinyaRwanda","igi - irinyaRwanda","matimba","Mon May 04 2026 11:57:30 GMT+0300 (Moscow Standard Time)","170","200","250","",""
"392","Igi- Pondeze","Igi- Pondeze","matimba","Mon May 04 2026 11:56:17 GMT+0300 (Moscow Standard Time)","140","150","200","",""
"393","Isukari","Isukari","matimba","Mon May 04 2026 11:55:00 GMT+0300 (Moscow Standard Time)","1400","1480","1800","",""
"394","Amavuta ubuto","Amavuta ubuto","matimba","Mon May 04 2026 11:48:33 GMT+0300 (Moscow Standard Time)","2700","2750","2900","",""
"395","Ibinyomoro","Ibinyomoro","karambi","Mon May 04 2026 11:56:08 GMT+0300 (Moscow Standard Time)","1200","1400","1600","",""
"396","ibirayi - Kuruza","ibirayi - Kuruza","karambi","Mon May 04 2026 11:54:01 GMT+0300 (Moscow Standard Time)","350","550","600","",""
"397","Ibishyimbo - Mushingiriro","Ibishyimbo - Mushingiriro","karambi","Mon May 04 2026 11:51:22 GMT+0300 (Moscow Standard Time)","550","700","800","",""
"398","Amasaka","Amasaka","karenge","Mon May 04 2026 11:17:38 GMT+0300 (Moscow Standard Time)","800","850","900","",""
"399","Amashu","Amashu","karenge","Mon May 04 2026 11:17:38 GMT+0300 (Moscow Standard Time)","300","350","400","",""
"400","Amatunda","Amatunda","karenge","Mon May 04 2026 11:17:38 GMT+0300 (Moscow Standard Time)","1600","1800","2000","",""
"401","Ibishyimbo Kiryumukwe","Ibishyimbo Kiryumukwe","karambi","Mon May 04 2026 11:45:18 GMT+0300 (Moscow Standard Time)","550","700","800","",""
"402","Ibigori","Ibigori","karenge","Mon May 04 2026 11:17:38 GMT+0300 (Moscow Standard Time)","400","450","500","",""
"403","Ibijumba","Ibijumba","karenge","Mon May 04 2026 11:17:38 GMT+0300 (Moscow Standard Time)","180","200","250","",""
"404","Ibishyimbo Shyushya","Ibishyimbo Shyushya","karambi","Mon May 04 2026 11:45:18 GMT+0300 (Moscow Standard Time)","450","550","2800","",""
"405","Ifu-imyumbati","Ifu-imyumbati","karenge","Mon May 04 2026 11:17:38 GMT+0300 (Moscow Standard Time)","600","700","800","",""
"406","Igitoki","Igitoki","karenge","Mon May 04 2026 11:17:38 GMT+0300 (Moscow Standard Time)","400","450","500","",""
"407","Imineke","Imineke","karenge","Mon May 04 2026 11:17:38 GMT+0300 (Moscow Standard Time)","400","500","600","",""
"408","ibitunguru-bitukura","ibitunguru-bitukura","karambi","Mon May 04 2026 11:43:56 GMT+0300 (Moscow Standard Time)","700","1000","1200","",""
"409","Imyumbati","Imyumbati","karenge","Mon May 04 2026 11:17:38 GMT+0300 (Moscow Standard Time)","300","350","400","",""
"410","Ibigori","Ibigori","karambi","Mon May 04 2026 10:42:46 GMT+0300 (Moscow Standard Time)","400","550","700","",""
"411","Ingano","Ingano","karenge","Mon May 04 2026 11:17:38 GMT+0300 (Moscow Standard Time)","900","1000","1200","",""
"412","Ifu - Ibigori - Mugurusu","Ifu - Ibigori - Mugurusu","karambi","Mon May 04 2026 11:41:17 GMT+0300 (Moscow Standard Time)","900","1100","1200","",""
"413","inshyushyu","inshyushyu","karenge","Mon May 04 2026 11:17:38 GMT+0300 (Moscow Standard Time)","600","650","700","",""
"414","Inyanya","Inyanya","karenge","Mon May 04 2026 11:17:38 GMT+0300 (Moscow Standard Time)","600","700","800","",""
"415","Ifu - Ibigori - MINIMEX","Ifu - Ibigori - MINIMEX","karambi","Mon May 04 2026 11:38:12 GMT+0300 (Moscow Standard Time)","750","900","1000","",""
"416","NPK","NPK","karenge","Mon May 04 2026 11:17:38 GMT+0300 (Moscow Standard Time)","760","808","850","",""
"417","Soya","Soya","karenge","Mon May 04 2026 11:17:38 GMT+0300 (Moscow Standard Time)","1000","1100","1200","",""
"418","Ifu-imyumbati","Ifu-imyumbati","karambi","Mon May 04 2026 11:36:33 GMT+0300 (Moscow Standard Time)","600","850","1000","",""
"419","Ubunyobwa","Ubunyobwa","karenge","Mon May 04 2026 11:17:38 GMT+0300 (Moscow Standard Time)","2600","2700","2800","",""
"420","Igi- Pondeze","Igi- Pondeze","karambi","Mon May 04 2026 11:34:26 GMT+0300 (Moscow Standard Time)","150","175","200","",""
"421","Umuceli-RW","Umuceli-RW","karenge","Mon May 04 2026 11:17:38 GMT+0300 (Moscow Standard Time)","1180","1200","1300","",""
"422","Imineke","Imineke","karambi","Mon May 04 2026 11:33:30 GMT+0300 (Moscow Standard Time)","50","80","100","",""
"423","Uree","Uree","karenge","Mon May 04 2026 11:17:38 GMT+0300 (Moscow Standard Time)","700","760","850","",""
"424","Imyumbati","Imyumbati","karambi","Mon May 04 2026 11:31:09 GMT+0300 (Moscow Standard Time)","250","400","500","",""
"425","ibitunguru-bitukura","ibitunguru-bitukura","karenge","Mon May 04 2026 11:17:38 GMT+0300 (Moscow Standard Time)","800","900","1000","",""
"426","Ditane","Ditane","karenge","Mon May 04 2026 11:17:38 GMT+0300 (Moscow Standard Time)","6500","7000","7500","",""
"427","igi - irinyaRwanda","igi - irinyaRwanda","Kimironko","Mon May 04 2026 10:55:07 GMT+0300 (Moscow Standard Time)","230","253","287","",""
"428","Igi- Pondeze","Igi- Pondeze","Kimironko","Mon May 04 2026 10:55:07 GMT+0300 (Moscow Standard Time)","130","150","180","",""
"429","Umuceri - RW - Kigori","Umuceri - RW - Kigori","Kimironko","Mon May 04 2026 10:55:07 GMT+0300 (Moscow Standard Time)","1050","1150","1250","",""
"430","Umuceri - Rw - Gikonko","Umuceri - Rw - Gikonko","Kimironko","Mon May 04 2026 10:55:07 GMT+0300 (Moscow Standard Time)","1150","1250","1350","",""
"431","inshyushyu","inshyushyu","karambi","Mon May 04 2026 11:28:48 GMT+0300 (Moscow Standard Time)","400","500","600","",""
"432","Umuceri - Rw - Luck rice","Umuceri - Rw - Luck rice","Kimironko","Mon May 04 2026 10:55:07 GMT+0300 (Moscow Standard Time)","1250","1350","1450","",""
"433","Inyama-inka- Iroti","Inyama-inka- Iroti","Kimironko","Mon May 04 2026 10:55:07 GMT+0300 (Moscow Standard Time)","7500","8000","8667","",""
"434","inyama-inka-imvange","inyama-inka-imvange","Kimironko","Mon May 04 2026 10:55:07 GMT+0300 (Moscow Standard Time)","4967","5900","6867","",""
"435","inyama - inkoko - pondezi","inyama - inkoko - pondezi","Kimironko","Mon May 04 2026 10:55:07 GMT+0300 (Moscow Standard Time)","3733","4000","4667","",""
"436","Soya","Soya","Kimironko","Mon May 04 2026 10:55:07 GMT+0300 (Moscow Standard Time)","1183","1300","1433","",""
"437","Ibigori","Ibigori","Kimironko","Mon May 04 2026 10:55:07 GMT+0300 (Moscow Standard Time)","553","600","733","",""
"438","Ifu - Ibigori - Mugurusu","Ifu - Ibigori - Mugurusu","Kimironko","Mon May 04 2026 10:55:07 GMT+0300 (Moscow Standard Time)","1013","1053","1183","",""
"439","Ibirayi- Kinigi Grade 2","Ibirayi- Kinigi Grade 2","Kimironko","Mon May 04 2026 10:55:07 GMT+0300 (Moscow Standard Time)","677","743","817","",""
"440","Inyanya","Inyanya","Kimironko","Mon May 04 2026 10:55:07 GMT+0300 (Moscow Standard Time)","883","1000","1167","",""
"441","Karoti","Karoti","Kimironko","Mon May 04 2026 10:55:07 GMT+0300 (Moscow Standard Time)","800","900","1100","",""
"442","ibitunguru-bitukura","ibitunguru-bitukura","Kimironko","Mon May 04 2026 10:55:07 GMT+0300 (Moscow Standard Time)","800","900","1100","",""
"443","Ibinyomoro","Ibinyomoro","Kimironko","Mon May 04 2026 10:55:07 GMT+0300 (Moscow Standard Time)","1433","1667","1967","",""
"444","Avoka","Avoka","Kimironko","Mon May 04 2026 10:55:07 GMT+0300 (Moscow Standard Time)","467","667","933","",""
"445","igi - irinyaRwanda","igi - irinyaRwanda","Kimironko","Mon May 04 2026 10:55:07 GMT+0300 (Moscow Standard Time)","230","253","287","",""
"446","Igi- Pondeze","Igi- Pondeze","Kimironko","Mon May 04 2026 10:55:07 GMT+0300 (Moscow Standard Time)","130","150","180","",""
"447","Umuceri - RW - Kigori","Umuceri - RW - Kigori","Kimironko","Mon May 04 2026 10:55:07 GMT+0300 (Moscow Standard Time)","1050","1150","1250","",""
"448","Umuceri - Rw - Gikonko","Umuceri - Rw - Gikonko","Kimironko","Mon May 04 2026 10:55:07 GMT+0300 (Moscow Standard Time)","1150","1250","1350","",""
"449","Umuceri - Rw - Luck rice","Umuceri - Rw - Luck rice","Kimironko","Mon May 04 2026 10:55:07 GMT+0300 (Moscow Standard Time)","1250","1350","1450","",""
"450","Inyama-inka- Iroti","Inyama-inka- Iroti","Kimironko","Mon May 04 2026 10:55:07 GMT+0300 (Moscow Standard Time)","7500","8000","8667","",""
"451","inyama-inka-imvange","inyama-inka-imvange","Kimironko","Mon May 04 2026 10:55:07 GMT+0300 (Moscow Standard Time)","4967","5900","6867","",""
"452","DAP","DAP","karenge","Mon May 04 2026 11:17:38 GMT+0300 (Moscow Standard Time)","800","860","950","",""
"453","Ibirayi- Kinigi Grade 2","Ibirayi- Kinigi Grade 2","kimisagara","Mon May 04 2026 11:27:44 GMT+0300 (Moscow Standard Time)","650","700","750","",""
"454","Inyama-inka- Iroti","Inyama-inka- Iroti","kimisagara","Mon May 04 2026 11:26:34 GMT+0300 (Moscow Standard Time)","7500","8000","8500","",""
"455","inyama-inka-imvange","inyama-inka-imvange","kimisagara","Mon May 04 2026 11:25:06 GMT+0300 (Moscow Standard Time)","6000","6500","7000","",""
"456","Imyumbati","Imyumbati","kimisagara","Mon May 04 2026 11:24:29 GMT+0300 (Moscow Standard Time)","400","500","600","",""
"457","Ibijumba","Ibijumba","kimisagara","Mon May 04 2026 11:23:10 GMT+0300 (Moscow Standard Time)","400","500","600","",""
"458","igi - irinyaRwanda","igi - irinyaRwanda","kimisagara","Mon May 04 2026 11:22:02 GMT+0300 (Moscow Standard Time)","150","200","250","",""
"459","Ibirayi- Kinigi Grade 1","Ibirayi- Kinigi Grade 1","kimisagara","Mon May 04 2026 11:20:58 GMT+0300 (Moscow Standard Time)","700","750","800","",""
"460","Inyanya","Inyanya","kimisagara","Mon May 04 2026 11:20:27 GMT+0300 (Moscow Standard Time)","600","700","800","",""
"461","Karoti","Karoti","kimisagara","Mon May 04 2026 11:19:26 GMT+0300 (Moscow Standard Time)","600","700","800","",""
"462","Igitoki","Igitoki","kimisagara","Mon May 04 2026 11:18:15 GMT+0300 (Moscow Standard Time)","450","500","550","",""
"463","Ibishyimbo Shyushya","Ibishyimbo Shyushya","kimisagara","Mon May 04 2026 11:17:13 GMT+0300 (Moscow Standard Time)","1100","1200","1300","",""
"464","Ibishyimbo/Mutiki","Ibishyimbo/Mutiki","kimisagara","Mon May 04 2026 11:16:10 GMT+0300 (Moscow Standard Time)","1200","1300","1400","",""
"465","Ifu - Ibigori - Mugurusu","Ifu - Ibigori - Mugurusu","kimisagara","Mon May 04 2026 11:15:10 GMT+0300 (Moscow Standard Time)","1000","1100","1200","",""
"466","Amateke","Amateke","kimisagara","Mon May 04 2026 11:14:39 GMT+0300 (Moscow Standard Time)","800","900","1000","",""
"467","ibitunguru-bitukura","ibitunguru-bitukura","kimisagara","Mon May 04 2026 11:13:28 GMT+0300 (Moscow Standard Time)","800","900","1000","",""
"468","Ibishyimbo Colta","Ibishyimbo Colta","kimisagara","Mon May 04 2026 11:13:03 GMT+0300 (Moscow Standard Time)","1300","1400","1500","",""
"469","Umuceri Pakistani","Umuceri Pakistani","kimisagara","Mon May 04 2026 11:12:16 GMT+0300 (Moscow Standard Time)","1300","1400","1500","",""
"470","Umuceri - Tz No 2","Umuceri - Tz No 2","kimisagara","Mon May 04 2026 11:11:26 GMT+0300 (Moscow Standard Time)","1500","1600","1700","",""
"471","Ibinyomoro","Ibinyomoro","kimisagara","Mon May 04 2026 11:11:06 GMT+0300 (Moscow Standard Time)","1000","1500","2000","",""
"472","Amatunda","Amatunda","kimisagara","Mon May 04 2026 11:10:53 GMT+0300 (Moscow Standard Time)","1000","1500","2000","",""
"473","Umuceli-Tz","Umuceli-Tz","kimisagara","Mon May 04 2026 11:09:11 GMT+0300 (Moscow Standard Time)","1800","1900","2000","",""
"474","Ibirayi- Kinigi Grade 2","Ibirayi- Kinigi Grade 2","kimisagara","Mon May 04 2026 11:27:44 GMT+0300 (Moscow Standard Time)","650","700","750","",""
"475","Inyama-inka- Iroti","Inyama-inka- Iroti","kimisagara","Mon May 04 2026 11:26:34 GMT+0300 (Moscow Standard Time)","7500","8000","8500","",""
"476","inyama-inka-imvange","inyama-inka-imvange","kimisagara","Mon May 04 2026 11:25:06 GMT+0300 (Moscow Standard Time)","6000","6500","7000","",""
"477","Imyumbati","Imyumbati","kimisagara","Mon May 04 2026 11:24:29 GMT+0300 (Moscow Standard Time)","400","500","600","",""
"478","Ibijumba","Ibijumba","kimisagara","Mon May 04 2026 11:23:10 GMT+0300 (Moscow Standard Time)","400","500","600","",""
"479","igi - irinyaRwanda","igi - irinyaRwanda","kimisagara","Mon May 04 2026 11:22:02 GMT+0300 (Moscow Standard Time)","150","200","250","",""
"480","Ibirayi- Kinigi Grade 1","Ibirayi- Kinigi Grade 1","kimisagara","Mon May 04 2026 11:20:58 GMT+0300 (Moscow Standard Time)","700","750","800","",""
"481","Inyanya","Inyanya","kimisagara","Mon May 04 2026 11:20:27 GMT+0300 (Moscow Standard Time)","600","700","800","",""
"482","Karoti","Karoti","kimisagara","Mon May 04 2026 11:19:26 GMT+0300 (Moscow Standard Time)","600","700","800","",""
"483","Igitoki","Igitoki","kimisagara","Mon May 04 2026 11:18:15 GMT+0300 (Moscow Standard Time)","450","500","550","",""
"484","Ibishyimbo Shyushya","Ibishyimbo Shyushya","kimisagara","Mon May 04 2026 11:17:13 GMT+0300 (Moscow Standard Time)","1100","1200","1300","",""
"485","Ibishyimbo/Mutiki","Ibishyimbo/Mutiki","kimisagara","Mon May 04 2026 11:16:10 GMT+0300 (Moscow Standard Time)","1200","1300","1400","",""
"486","Ifu - Ibigori - Mugurusu","Ifu - Ibigori - Mugurusu","kimisagara","Mon May 04 2026 11:15:10 GMT+0300 (Moscow Standard Time)","1000","1100","1200","",""
"487","Amateke","Amateke","kimisagara","Mon May 04 2026 11:14:39 GMT+0300 (Moscow Standard Time)","800","900","1000","",""
"488","ibitunguru-bitukura","ibitunguru-bitukura","kimisagara","Mon May 04 2026 11:13:28 GMT+0300 (Moscow Standard Time)","800","900","1000","",""
"489","Ibishyimbo Colta","Ibishyimbo Colta","kimisagara","Mon May 04 2026 11:13:03 GMT+0300 (Moscow Standard Time)","1300","1400","1500","",""
"490","Umuceri Pakistani","Umuceri Pakistani","kimisagara","Mon May 04 2026 11:12:16 GMT+0300 (Moscow Standard Time)","1300","1400","1500","",""
"491","Umuceri - Tz No 2","Umuceri - Tz No 2","kimisagara","Mon May 04 2026 11:11:26 GMT+0300 (Moscow Standard Time)","1500","1600","1700","",""
"492","Ibinyomoro","Ibinyomoro","kimisagara","Mon May 04 2026 11:11:06 GMT+0300 (Moscow Standard Time)","1000","1500","2000","",""
"493","Amatunda","Amatunda","kimisagara","Mon May 04 2026 11:10:53 GMT+0300 (Moscow Standard Time)","1000","1500","2000","",""
"494","Umuceli-Tz","Umuceli-Tz","kimisagara","Mon May 04 2026 11:09:11 GMT+0300 (Moscow Standard Time)","1800","1900","2000","",""
"495","Ibirayi- Kinigi Grade 2","Ibirayi- Kinigi Grade 2","kimisagara","Mon May 04 2026 11:27:44 GMT+0300 (Moscow Standard Time)","650","700","750","",""
"496","Inyama-inka- Iroti","Inyama-inka- Iroti","kimisagara","Mon May 04 2026 11:26:34 GMT+0300 (Moscow Standard Time)","7500","8000","8500","",""
"497","inyama-inka-imvange","inyama-inka-imvange","kimisagara","Mon May 04 2026 11:25:06 GMT+0300 (Moscow Standard Time)","6000","6500","7000","",""
"498","Imyumbati","Imyumbati","kimisagara","Mon May 04 2026 11:24:29 GMT+0300 (Moscow Standard Time)","400","500","600","",""
"499","Ibijumba","Ibijumba","kimisagara","Mon May 04 2026 11:23:10 GMT+0300 (Moscow Standard Time)","400","500","600","",""
"500","igi - irinyaRwanda","igi - irinyaRwanda","kimisagara","Mon May 04 2026 11:22:02 GMT+0300 (Moscow Standard Time)","150","200","250","",""
"501","Ibirayi- Kinigi Grade 1","Ibirayi- Kinigi Grade 1","kimisagara","Mon May 04 2026 11:20:58 GMT+0300 (Moscow Standard Time)","700","750","800","",""
"502","Inyanya","Inyanya","kimisagara","Mon May 04 2026 11:20:27 GMT+0300 (Moscow Standard Time)","600","700","800","",""
"503","Karoti","Karoti","kimisagara","Mon May 04 2026 11:19:26 GMT+0300 (Moscow Standard Time)","600","700","800","",""
"504","Igitoki","Igitoki","kimisagara","Mon May 04 2026 11:18:15 GMT+0300 (Moscow Standard Time)","450","500","550","",""
"505","Ibishyimbo Shyushya","Ibishyimbo Shyushya","kimisagara","Mon May 04 2026 11:17:13 GMT+0300 (Moscow Standard Time)","1100","1200","1300","",""
"506","Ibishyimbo/Mutiki","Ibishyimbo/Mutiki","kimisagara","Mon May 04 2026 11:16:10 GMT+0300 (Moscow Standard Time)","1200","1300","1400","",""
"507","Ifu - Ibigori - Mugurusu","Ifu - Ibigori - Mugurusu","kimisagara","Mon May 04 2026 11:15:10 GMT+0300 (Moscow Standard Time)","1000","1100","1200","",""
"508","Amateke","Amateke","kimisagara","Mon May 04 2026 11:14:39 GMT+0300 (Moscow Standard Time)","800","900","1000","",""
"509","ibitunguru-bitukura","ibitunguru-bitukura","kimisagara","Mon May 04 2026 11:13:28 GMT+0300 (Moscow Standard Time)","800","900","1000","",""
"510","Ibishyimbo Colta","Ibishyimbo Colta","kimisagara","Mon May 04 2026 11:13:03 GMT+0300 (Moscow Standard Time)","1300","1400","1500","",""
"511","Umuceri Pakistani","Umuceri Pakistani","kimisagara","Mon May 04 2026 11:12:16 GMT+0300 (Moscow Standard Time)","1300","1400","1500","",""
"512","Umuceri - Tz No 2","Umuceri - Tz No 2","kimisagara","Mon May 04 2026 11:11:26 GMT+0300 (Moscow Standard Time)","1500","1600","1700","",""
"513","Ibinyomoro","Ibinyomoro","kimisagara","Mon May 04 2026 11:11:06 GMT+0300 (Moscow Standard Time)","1000","1500","2000","",""
"514","Amatunda","Amatunda","kimisagara","Mon May 04 2026 11:10:53 GMT+0300 (Moscow Standard Time)","1000","1500","2000","",""
"515","Umuceli-Tz","Umuceli-Tz","kimisagara","Mon May 04 2026 11:09:11 GMT+0300 (Moscow Standard Time)","1800","1900","2000","",""
"516","Ibirayi- Kinigi Grade 2","Ibirayi- Kinigi Grade 2","kimisagara","Mon May 04 2026 11:27:44 GMT+0300 (Moscow Standard Time)","650","700","750","",""
"517","Inyama-inka- Iroti","Inyama-inka- Iroti","kimisagara","Mon May 04 2026 11:26:34 GMT+0300 (Moscow Standard Time)","7500","8000","8500","",""
"518","inyama-inka-imvange","inyama-inka-imvange","kimisagara","Mon May 04 2026 11:25:06 GMT+0300 (Moscow Standard Time)","6000","6500","7000","",""
"519","Imyumbati","Imyumbati","kimisagara","Mon May 04 2026 11:24:29 GMT+0300 (Moscow Standard Time)","400","500","600","",""
"520","Ibijumba","Ibijumba","kimisagara","Mon May 04 2026 11:23:10 GMT+0300 (Moscow Standard Time)","400","500","600","",""
"521","igi - irinyaRwanda","igi - irinyaRwanda","kimisagara","Mon May 04 2026 11:22:02 GMT+0300 (Moscow Standard Time)","150","200","250","",""
"522","Ibirayi- Kinigi Grade 1","Ibirayi- Kinigi Grade 1","kimisagara","Mon May 04 2026 11:20:58 GMT+0300 (Moscow Standard Time)","700","750","800","",""
"523","Inyanya","Inyanya","kimisagara","Mon May 04 2026 11:20:27 GMT+0300 (Moscow Standard Time)","600","700","800","",""
"524","Karoti","Karoti","kimisagara","Mon May 04 2026 11:19:26 GMT+0300 (Moscow Standard Time)","600","700","800","",""
"525","Igitoki","Igitoki","kimisagara","Mon May 04 2026 11:18:15 GMT+0300 (Moscow Standard Time)","450","500","550","",""
"526","Ibishyimbo Shyushya","Ibishyimbo Shyushya","kimisagara","Mon May 04 2026 11:17:13 GMT+0300 (Moscow Standard Time)","1100","1200","1300","",""
"527","Ibishyimbo/Mutiki","Ibishyimbo/Mutiki","kimisagara","Mon May 04 2026 11:16:10 GMT+0300 (Moscow Standard Time)","1200","1300","1400","",""
"528","Ifu - Ibigori - Mugurusu","Ifu - Ibigori - Mugurusu","kimisagara","Mon May 04 2026 11:15:10 GMT+0300 (Moscow Standard Time)","1000","1100","1200","",""
"529","Amateke","Amateke","kimisagara","Mon May 04 2026 11:14:39 GMT+0300 (Moscow Standard Time)","800","900","1000","",""
"530","ibitunguru-bitukura","ibitunguru-bitukura","kimisagara","Mon May 04 2026 11:13:28 GMT+0300 (Moscow Standard Time)","800","900","1000","",""
"531","Ibishyimbo Colta","Ibishyimbo Colta","kimisagara","Mon May 04 2026 11:13:03 GMT+0300 (Moscow Standard Time)","1300","1400","1500","",""
"532","Umuceri Pakistani","Umuceri Pakistani","kimisagara","Mon May 04 2026 11:12:16 GMT+0300 (Moscow Standard Time)","1300","1400","1500","",""
"533","Umuceri - Tz No 2","Umuceri - Tz No 2","kimisagara","Mon May 04 2026 11:11:26 GMT+0300 (Moscow Standard Time)","1500","1600","1700","",""
"534","Ibinyomoro","Ibinyomoro","kimisagara","Mon May 04 2026 11:11:06 GMT+0300 (Moscow Standard Time)","1000","1500","2000","",""
"535","Amatunda","Amatunda","kimisagara","Mon May 04 2026 11:10:53 GMT+0300 (Moscow Standard Time)","1000","1500","2000","",""
"536","Umuceli-Tz","Umuceli-Tz","kimisagara","Mon May 04 2026 11:09:11 GMT+0300 (Moscow Standard Time)","1800","1900","2000","",""
"537","Karoti","Karoti","karenge","Mon May 04 2026 11:17:38 GMT+0300 (Moscow Standard Time)","800","900","1000","",""
"538","Inyanya","Inyanya","karambi","Mon May 04 2026 11:26:30 GMT+0300 (Moscow Standard Time)","525","1000","1200","",""
"539","Indimu","Indimu","karenge","Mon May 04 2026 11:17:38 GMT+0300 (Moscow Standard Time)","1100","1200","1300","",""
"540","Isombe","Isombe","karambi","Mon May 04 2026 11:22:01 GMT+0300 (Moscow Standard Time)","200","400","500","",""
"541","Inanasi","Inanasi","karenge","Mon May 04 2026 11:17:38 GMT+0300 (Moscow Standard Time)","600","700","800","",""
"542","Urusenda","Urusenda","karenge","Mon May 04 2026 11:17:38 GMT+0300 (Moscow Standard Time)","800","900","1000","",""
"543","Puwavuro","Puwavuro","karenge","Mon May 04 2026 11:17:38 GMT+0300 (Moscow Standard Time)","400","500","600","",""
"544","Tungurusumu","Tungurusumu","karenge","Mon May 04 2026 11:17:38 GMT+0300 (Moscow Standard Time)","2200","2300","2500","",""
"545","Ibinyomoro","Ibinyomoro","karenge","Mon May 04 2026 11:17:38 GMT+0300 (Moscow Standard Time)","1100","1200","1300","",""
"546","Isukari","Isukari","karambi","Mon May 04 2026 11:20:06 GMT+0300 (Moscow Standard Time)","1200","1400","1500","",""
"547","Ipapayi","Ipapayi","karenge","Mon May 04 2026 11:17:38 GMT+0300 (Moscow Standard Time)","1000","1100","1200","",""
"548","Avoka","Avoka","karenge","Mon May 04 2026 11:17:38 GMT+0300 (Moscow Standard Time)","400","500","600","",""
"549","Ibishyimbo - Mushingiriro","Ibishyimbo - Mushingiriro","byumba","Mon May 04 2026 11:13:16 GMT+0300 (Moscow Standard Time)","800","900","1000","",""
"550","Soya","Soya","byumba","Mon May 04 2026 11:11:57 GMT+0300 (Moscow Standard Time)","1000","1100","1200","",""
"551","Inyanya","Inyanya","byumba","Mon May 04 2026 11:10:50 GMT+0300 (Moscow Standard Time)","600","700","800","",""
"552","inshyushyu","inshyushyu","byumba","Mon May 04 2026 11:09:50 GMT+0300 (Moscow Standard Time)","400","450","500","",""
"553","Ingano","Ingano","byumba","Mon May 04 2026 11:08:33 GMT+0300 (Moscow Standard Time)","800","900","1000","",""
"554","Imyumbati","Imyumbati","byumba","Mon May 04 2026 11:07:34 GMT+0300 (Moscow Standard Time)","300","350","400","",""
"555","Igitoki","Igitoki","byumba","Mon May 04 2026 11:06:25 GMT+0300 (Moscow Standard Time)","400","420","450","",""
"556","Ibigori","Ibigori","byumba","Mon May 04 2026 11:05:31 GMT+0300 (Moscow Standard Time)","500","550","600","",""
"557","Amatunda","Amatunda","byumba","Mon May 04 2026 11:04:23 GMT+0300 (Moscow Standard Time)","1400","1500","1800","",""
"558","Amashu","Amashu","byumba","Mon May 04 2026 11:03:10 GMT+0300 (Moscow Standard Time)","200","250","300","",""
"559","Karoti","Karoti","karambi","Mon May 04 2026 11:17:50 GMT+0300 (Moscow Standard Time)","367","600","700","",""
"560","Urunyogwe","Urunyogwe","nyabugogo","Mon May 04 2026 11:12:57 GMT+0300 (Moscow Standard Time)","2100","2300","2400","",""
"561","Umuceli-Tz","Umuceli-Tz","nyabugogo","Mon May 04 2026 11:05:43 GMT+0300 (Moscow Standard Time)","1800","2000","2100","",""
"562","Umuceri - Rw - Gikonko","Umuceri - Rw - Gikonko","nyabugogo","Mon May 04 2026 11:03:17 GMT+0300 (Moscow Standard Time)","1100","1300","1350","",""
"563","Umuceri - Tz No 2","Umuceri - Tz No 2","nyabugogo","Mon May 04 2026 11:00:17 GMT+0300 (Moscow Standard Time)","1400","1600","1700","",""
"564","Umuceri - Rw - Luck rice","Umuceri - Rw - Luck rice","nyabugogo","Mon May 04 2026 10:57:47 GMT+0300 (Moscow Standard Time)","1200","1400","1450","",""
"565","Umuceri - luck Kema","Umuceri - luck Kema","nyabugogo","Mon May 04 2026 10:55:59 GMT+0300 (Moscow Standard Time)","1300","1500","1600","",""
"566","Soya","Soya","nyabugogo","Mon May 04 2026 10:51:58 GMT+0300 (Moscow Standard Time)","1100","1250","1300","",""
"567","Karoti","Karoti","nyabugogo","Mon May 04 2026 10:49:43 GMT+0300 (Moscow Standard Time)","600","800","900","",""
"568","Inyanya","Inyanya","nyabugogo","Mon May 04 2026 10:46:56 GMT+0300 (Moscow Standard Time)","650","800","900","",""
"569","inyama-inka-imvange","inyama-inka-imvange","nyabugogo","Mon May 04 2026 10:44:54 GMT+0300 (Moscow Standard Time)","6000","6500","7000","",""
"570","Inyama-inka- Iroti","Inyama-inka- Iroti","nyabugogo","Mon May 04 2026 10:42:45 GMT+0300 (Moscow Standard Time)","7000","7500","8000","",""
"571","inyama - inkoko - pondezi","inyama - inkoko - pondezi","nyabugogo","Mon May 04 2026 10:40:27 GMT+0300 (Moscow Standard Time)","3500","4000","4500","",""
"572","Ingano","Ingano","nyabugogo","Mon May 04 2026 10:38:09 GMT+0300 (Moscow Standard Time)","800","1000","1100","",""
"573","Imyumbati","Imyumbati","nyabugogo","Mon May 04 2026 10:34:18 GMT+0300 (Moscow Standard Time)","300","450","500","",""
"574","Imyembe","Imyembe","nyabugogo","Mon May 04 2026 10:31:54 GMT+0300 (Moscow Standard Time)","1200","1400","1500","",""
"575","Imiteja","Imiteja","nyabugogo","Mon May 04 2026 10:29:29 GMT+0300 (Moscow Standard Time)","650","800","900","",""
"576","Igi- Pondeze","Igi- Pondeze","nyabugogo","Mon May 04 2026 10:26:41 GMT+0300 (Moscow Standard Time)","130","160","180","",""
"577","igi - irinyaRwanda","igi - irinyaRwanda","nyabugogo","Mon May 04 2026 10:24:00 GMT+0300 (Moscow Standard Time)","200","230","250","",""
"578","Ifu - Ibigori - Mugurusu","Ifu - Ibigori - Mugurusu","nyabugogo","Mon May 04 2026 10:21:38 GMT+0300 (Moscow Standard Time)","850","1100","1200","",""
"579","IFI - Tomson","IFI - Tomson","nyabugogo","Mon May 04 2026 10:20:12 GMT+0300 (Moscow Standard Time)","3000","3500","3800","",""
"580","IFI - Tilapia","IFI - Tilapia","nyabugogo","Mon May 04 2026 10:15:58 GMT+0300 (Moscow Standard Time)","5000","5500","6000","",""
"581","ibitunguru-bitukura","ibitunguru-bitukura","nyabugogo","Mon May 04 2026 10:13:13 GMT+0300 (Moscow Standard Time)","700","850","900","",""
"582","Ibitonore","Ibitonore","nyabugogo","Mon May 04 2026 10:09:47 GMT+0300 (Moscow Standard Time)","850","1000","1100","",""
"583","Ibishyimbo/Mutiki","Ibishyimbo/Mutiki","nyabugogo","Mon May 04 2026 10:07:02 GMT+0300 (Moscow Standard Time)","1000","1200","1300","",""
"584","Ibishyimbo Shyushya","Ibishyimbo Shyushya","nyabugogo","Mon May 04 2026 10:04:27 GMT+0300 (Moscow Standard Time)","900","1100","1200","",""
"585","Ibishyimbo Ibinyarwanda","Ibishyimbo Ibinyarwanda","nyabugogo","Mon May 04 2026 10:03:00 GMT+0300 (Moscow Standard Time)","800","1000","1200","",""
"586","Ibishyimbo Colta","Ibishyimbo Colta","nyabugogo","Mon May 04 2026 09:58:32 GMT+0300 (Moscow Standard Time)","1000","1200","1300","",""
"587","Ibishyimbo - Injyamane","Ibishyimbo - Injyamane","nyabugogo","Mon May 04 2026 09:55:53 GMT+0300 (Moscow Standard Time)","1100","1300","1400","",""
"588","Ibirayi- Kinigi Grade 1","Ibirayi- Kinigi Grade 1","nyabugogo","Mon May 04 2026 09:53:23 GMT+0300 (Moscow Standard Time)","650","800","850","",""
"589","Mandarine","Mandarine","karambi","Mon May 04 2026 11:15:42 GMT+0300 (Moscow Standard Time)","700","900","1000","",""
"590","Sereli","Sereli","karambi","Mon May 04 2026 11:14:06 GMT+0300 (Moscow Standard Time)","50","75","100","",""
"591","Soya","Soya","karambi","Mon May 04 2026 11:09:16 GMT+0300 (Moscow Standard Time)","700","850","1000","",""
"592","Ubunyobwa","Ubunyobwa","karambi","Mon May 04 2026 11:06:19 GMT+0300 (Moscow Standard Time)","2033","2300","2500","",""
"593","Ibitunguru-umweru","Ibitunguru-umweru","karenge","Mon May 04 2026 10:43:29 GMT+0300 (Moscow Standard Time)","2200","2300","2500","",""
"594","Sereli","Sereli","karenge","Mon May 04 2026 10:43:29 GMT+0300 (Moscow Standard Time)","800","900","1000","",""
"595","Dodo","Dodo","karenge","Mon May 04 2026 10:43:29 GMT+0300 (Moscow Standard Time)","250","300","350","",""
"596","Puwavuro","Puwavuro","karambi","Mon May 04 2026 10:58:03 GMT+0300 (Moscow Standard Time)","300","450","600","",""
"597","Urunyogwe","Urunyogwe","karenge","Mon May 04 2026 10:43:29 GMT+0300 (Moscow Standard Time)","2000","2300","2500","",""
"598","Ibihaza","Ibihaza","karenge","Mon May 04 2026 10:43:29 GMT+0300 (Moscow Standard Time)","600","700","800","",""
"599","Imiteja","Imiteja","karenge","Mon May 04 2026 10:43:29 GMT+0300 (Moscow Standard Time)","800","900","1000","",""
"600","Konkombure","Konkombure","karenge","Mon May 04 2026 10:43:29 GMT+0300 (Moscow Standard Time)","600","700","800","",""
"601","Beterave","Beterave","karenge","Mon May 04 2026 10:43:29 GMT+0300 (Moscow Standard Time)","500","600","700","",""
"602","Inyama-ingurube","Inyama-ingurube","karenge","Mon May 04 2026 10:43:29 GMT+0300 (Moscow Standard Time)","3500","4000","4500","",""
"603","Inyama-ihene","Inyama-ihene","karenge","Mon May 04 2026 10:43:29 GMT+0300 (Moscow Standard Time)","7000","7500","8000","",""
"604","Umuceri - Rw - Gikonko","Umuceri - Rw - Gikonko","karambi","Mon May 04 2026 10:56:27 GMT+0300 (Moscow Standard Time)","1080","1200","1300","",""
"605","Inyama - Inkoko - rwanda","Inyama - Inkoko - rwanda","Kimironko","Mon May 04 2026 10:55:07 GMT+0300 (Moscow Standard Time)","4800","5800","6500","",""
"606","IFI - Tilapia","IFI - Tilapia","Kimironko","Mon May 04 2026 10:55:07 GMT+0300 (Moscow Standard Time)","4800","5800","6500","",""
"607","Umuceri - RW - Kigori","Umuceri - RW - Kigori","karambi","Mon May 04 2026 10:54:49 GMT+0300 (Moscow Standard Time)","980","1100","1200","",""
"608","Isombe","Isombe","karenge","Mon May 04 2026 10:43:29 GMT+0300 (Moscow Standard Time)","500","600","700","",""
"609","Ibiringanya","Ibiringanya","karenge","Mon May 04 2026 10:43:29 GMT+0300 (Moscow Standard Time)","400","500","600","",""
"610","Umuceri - Tz No 2","Umuceri - Tz No 2","karambi","Mon May 04 2026 10:52:27 GMT+0300 (Moscow Standard Time)","1160","1300","1400","",""
"611","Amakara","Amakara","karenge","Mon May 04 2026 10:43:29 GMT+0300 (Moscow Standard Time)","16500","17000","18000","",""
"612","Ifu-amasaka","Ifu-amasaka","karenge","Mon May 04 2026 10:43:29 GMT+0300 (Moscow Standard Time)","1000","1100","1200","",""
"613","Ibishyimbo/Mutiki","Ibishyimbo/Mutiki","karenge","Mon May 04 2026 10:43:29 GMT+0300 (Moscow Standard Time)","1100","1200","1300","",""
"614","Ibishyimbo Shyushya","Ibishyimbo Shyushya","karenge","Mon May 04 2026 10:43:29 GMT+0300 (Moscow Standard Time)","1100","1200","1300","",""
"615","Ibigori","Ibigori","karambi","Mon May 04 2026 10:50:54 GMT+0300 (Moscow Standard Time)","400","550","700","",""
"616","Ibishyimbo Ibinyarwanda","Ibishyimbo Ibinyarwanda","karenge","Mon May 04 2026 10:43:29 GMT+0300 (Moscow Standard Time)","1000","1100","1200","",""
"617","Ibishyimbo Kiryumukwe","Ibishyimbo Kiryumukwe","karenge","Mon May 04 2026 10:43:29 GMT+0300 (Moscow Standard Time)","1000","1100","1200","",""
"618","Ibirayi - Kuruseke","Ibirayi - Kuruseke","karenge","Mon May 04 2026 10:43:29 GMT+0300 (Moscow Standard Time)","550","580","650","",""
"619","Ifi- Indagara-umunyu","Ifi- Indagara-umunyu","karenge","Mon May 04 2026 10:43:29 GMT+0300 (Moscow Standard Time)","3500","4000","4500","",""
"620","Inyama-inka- Iroti","Inyama-inka- Iroti","karenge","Mon May 04 2026 10:43:29 GMT+0300 (Moscow Standard Time)","7000","7500","8000","",""
"621","inyama-inka-imvange","inyama-inka-imvange","karenge","Mon May 04 2026 10:43:29 GMT+0300 (Moscow Standard Time)","5500","6000","6500","",""
"622","inyama - inkoko - pondezi","inyama - inkoko - pondezi","karenge","Mon May 04 2026 10:43:29 GMT+0300 (Moscow Standard Time)","4000","4500","5000","",""
"623","Ifu - Ibigori - Mugurusu","Ifu - Ibigori - Mugurusu","karenge","Mon May 04 2026 10:24:28 GMT+0300 (Moscow Standard Time)","1020","1150","1200","",""
"624","Ifu - Ibigori - MINIMEX","Ifu - Ibigori - MINIMEX","karenge","Mon May 04 2026 10:24:28 GMT+0300 (Moscow Standard Time)","850","880","1000","",""
"625","igi - irinyaRwanda","igi - irinyaRwanda","karenge","Mon May 04 2026 10:24:28 GMT+0300 (Moscow Standard Time)","180","200","250","",""
"626","Igi- Pondeze","Igi- Pondeze","karenge","Mon May 04 2026 10:24:28 GMT+0300 (Moscow Standard Time)","150","170","200","",""
"627","Umuceri - Tz No 2","Umuceri - Tz No 2","karenge","Mon May 04 2026 10:24:28 GMT+0300 (Moscow Standard Time)","1680","1720","1900","",""
"628","Amateke","Amateke","karenge","Mon May 04 2026 10:24:28 GMT+0300 (Moscow Standard Time)","280","300","350","",""
"629","ibirayi - Kirundo","ibirayi - Kirundo","karenge","Mon May 04 2026 10:24:28 GMT+0300 (Moscow Standard Time)","580","600","650","",""
"630","Isukari","Isukari","karenge","Mon May 04 2026 10:24:28 GMT+0300 (Moscow Standard Time)","1400","1450","1600","",""
"631","Amavuta ubuto","Amavuta ubuto","karenge","Mon May 04 2026 10:24:28 GMT+0300 (Moscow Standard Time)","3100","3200","3300","",""
"632","Amavuta - Amamesa","Amavuta - Amamesa","karenge","Mon May 04 2026 10:24:28 GMT+0300 (Moscow Standard Time)","3500","4000","4500","",""
"633","Gaz","Gaz","karenge","Mon May 04 2026 10:24:28 GMT+0300 (Moscow Standard Time)","2200","2300","2500","",""
"634","Ibiryo amatungo Layer Starter Mash","Ibiryo amatungo Layer Starter Mash","karenge","Mon May 04 2026 10:24:28 GMT+0300 (Moscow Standard Time)","800","850","900","",""
"635","Ibiryo amatungo Layer Grow Mash","Ibiryo amatungo Layer Grow Mash","karenge","Mon May 04 2026 10:24:28 GMT+0300 (Moscow Standard Time)","800","850","900","",""
"636","Ibiryo amatungo Pig finisher feed","Ibiryo amatungo Pig finisher feed","karenge","Mon May 04 2026 10:24:28 GMT+0300 (Moscow Standard Time)","680","750","800","",""
"637","Umuceri Pakistani","Umuceri Pakistani","karenge","Mon May 04 2026 10:24:28 GMT+0300 (Moscow Standard Time)","1320","1380","1500","",""
"638","IFI - Tomson","IFI - Tomson","karenge","Mon May 04 2026 10:24:28 GMT+0300 (Moscow Standard Time)","2500","3000","3500","",""
"639","IFI - Tilapia","IFI - Tilapia","karenge","Mon May 04 2026 10:24:28 GMT+0300 (Moscow Standard Time)","4000","4500","5000","",""
"640","ibirayi - Kirundo","ibirayi - Kirundo","nyabugogo","Mon May 04 2026 09:46:39 GMT+0300 (Moscow Standard Time)","450","600","650","",""
"641","Ibinyomoro","Ibinyomoro","nyabugogo","Mon May 04 2026 09:40:16 GMT+0300 (Moscow Standard Time)","1200","1400","1500","",""
"642","Ibijumba","Ibijumba","nyabugogo","Mon May 04 2026 09:38:35 GMT+0300 (Moscow Standard Time)","300","400","450","",""
"643","Ibigori","Ibigori","nyabugogo","Mon May 04 2026 09:34:50 GMT+0300 (Moscow Standard Time)","400","550","600","",""
"644","Avoka","Avoka","nyabugogo","Mon May 04 2026 09:32:12 GMT+0300 (Moscow Standard Time)","600","750","800","",""
"645","Amatunda","Amatunda","nyabugogo","Mon May 04 2026 09:29:25 GMT+0300 (Moscow Standard Time)","1100","1300","1400","",""
"646","Amateke","Amateke","nyabugogo","Mon May 04 2026 09:28:54 GMT+0300 (Moscow Standard Time)","650","900","1000","",""
"647","Amasaka","Amasaka","nyabugogo","Mon May 04 2026 09:23:15 GMT+0300 (Moscow Standard Time)","700","900","1000","",""
"648","Amacunga","Amacunga","nyabugogo","Mon May 04 2026 09:20:55 GMT+0300 (Moscow Standard Time)","450","600","700","",""
"649","Umuceri - Tz No 2","Umuceri - Tz No 2","mulindi","Mon May 04 2026 08:09:36 GMT+0300 (Moscow Standard Time)","1500","1600","1700","",""
"650","Umuceli-Tz","Umuceli-Tz","mulindi","Mon May 04 2026 08:09:36 GMT+0300 (Moscow Standard Time)","1700","1800","2000","",""
"651","Amavuta ubuto","Amavuta ubuto","mulindi","Mon May 04 2026 08:09:36 GMT+0300 (Moscow Standard Time)","2900","3100","3200","",""
"652","Soya","Soya","mulindi","Mon May 04 2026 08:09:36 GMT+0300 (Moscow Standard Time)","1000","1100","1200","",""
"653","Ingano","Ingano","mulindi","Mon May 04 2026 08:09:36 GMT+0300 (Moscow Standard Time)","1000","1100","1200","",""
"654","Ifu - Ibigori - Mugurusu","Ifu - Ibigori - Mugurusu","mulindi","Mon May 04 2026 08:09:36 GMT+0300 (Moscow Standard Time)","900","1100","1200","",""
"655","Ibishyimbo Shyushya","Ibishyimbo Shyushya","mulindi","Mon May 04 2026 08:09:36 GMT+0300 (Moscow Standard Time)","1000","1100","1200","",""
"656","Ibishyimbo/Mutiki","Ibishyimbo/Mutiki","mulindi","Mon May 04 2026 08:09:36 GMT+0300 (Moscow Standard Time)","1100","1200","1300","",""
"657","Ibishyimbo Kiryumukwe","Ibishyimbo Kiryumukwe","mulindi","Mon May 04 2026 08:09:36 GMT+0300 (Moscow Standard Time)","1100","1200","1300","",""
"658","Inyanya","Inyanya","mulindi","Mon May 04 2026 08:09:36 GMT+0300 (Moscow Standard Time)","800","900","1000","",""
"659","Ifu-imyumbati","Ifu-imyumbati","mulindi","Mon May 04 2026 08:09:36 GMT+0300 (Moscow Standard Time)","800","900","1000","",""
"660","ibitunguru-bitukura","ibitunguru-bitukura","mulindi","Mon May 04 2026 08:09:36 GMT+0300 (Moscow Standard Time)","800","900","1000","",""
"661","Ibishyimbo Ibinyarwanda","Ibishyimbo Ibinyarwanda","mulindi","Mon May 04 2026 08:09:36 GMT+0300 (Moscow Standard Time)","800","900","1000","",""
"662","Imyumbati","Imyumbati","mulindi","Mon May 04 2026 08:09:36 GMT+0300 (Moscow Standard Time)","400","450","500","",""
"663","Igitoki","Igitoki","mulindi","Mon May 04 2026 08:09:36 GMT+0300 (Moscow Standard Time)","400","450","500","",""
"664","Ibijumba","Ibijumba","mulindi","Mon May 04 2026 08:09:36 GMT+0300 (Moscow Standard Time)","400","450","500","",""
"665","Ibinyomoro","Ibinyomoro","mulindi","Mon May 04 2026 08:09:36 GMT+0300 (Moscow Standard Time)","1450","1500","1600","",""
"666","ibirayi - Kirundo","ibirayi - Kirundo","mulindi","Mon May 04 2026 08:09:36 GMT+0300 (Moscow Standard Time)","450","500","600","",""
"667","Ibigori","Ibigori","mulindi","Mon May 04 2026 08:09:36 GMT+0300 (Moscow Standard Time)","450","500","600","",""
"668","Isukari","Isukari","mulindi","Mon May 04 2026 08:09:36 GMT+0300 (Moscow Standard Time)","1200","1300","1500","",""
"669","Ibishyimbo Colta","Ibishyimbo Colta","mulindi","Mon May 04 2026 08:09:36 GMT+0300 (Moscow Standard Time)","1200","1300","1400","",""
"670","Amacunga","Amacunga","mulindi","Mon May 04 2026 08:09:36 GMT+0300 (Moscow Standard Time)","1200","1300","1400","",""
"671","Amasaka","Amasaka","mulindi","Mon May 04 2026 08:09:36 GMT+0300 (Moscow Standard Time)","600","780","800","",""
"672","Avoka","Avoka","mulindi","Mon May 04 2026 08:09:36 GMT+0300 (Moscow Standard Time)","600","700","800","",""
"673","Amatunda","Amatunda","mulindi","Mon May 04 2026 08:09:36 GMT+0300 (Moscow Standard Time)","1600","1700","1900","",""
"674","Ifi- Indagara-umunyu","Ifi- Indagara-umunyu","mulindi","Mon May 04 2026 08:09:36 GMT+0300 (Moscow Standard Time)","2500","3000","3800","",""
"675","IFI - Tomson","IFI - Tomson","mulindi","Mon May 04 2026 08:09:36 GMT+0300 (Moscow Standard Time)","3000","3500","4000","",""
"676","inyama - inkoko - pondezi","inyama - inkoko - pondezi","mulindi","Mon May 04 2026 08:09:36 GMT+0300 (Moscow Standard Time)","4000","4500","5000","",""
"677","Inyama-inka- Iroti","Inyama-inka- Iroti","mulindi","Mon May 04 2026 08:09:36 GMT+0300 (Moscow Standard Time)","8000","8500","9000","",""
"678","Inyama - Inkoko - rwanda","Inyama - Inkoko - rwanda","mulindi","Mon May 04 2026 08:09:36 GMT+0300 (Moscow Standard Time)","6000","6500","7000","",""
"679","inyama-inka-imvange","inyama-inka-imvange","mulindi","Mon May 04 2026 08:09:36 GMT+0300 (Moscow Standard Time)","6000","6500","7000","",""
"680","IFI - Tilapia","IFI - Tilapia","mulindi","Mon May 04 2026 08:09:36 GMT+0300 (Moscow Standard Time)","6000","6500","7000","",""